booking_id,customer_id,destination,booking_date,price,hotel_id,flight_number,num_passengers
c4e7dc19-ba3d-4dfd-b517-2167eb9eff57,f966f187-4646-4c93-a38d-fedb5d0f1f17,Tokyo,2024-12-30,767.91,4f6102af-cfc9-4189-9a04-a7d9c0c08eec,LT1154,2
945791b7-39de-49da-8edd-2c21b5794963,951e1873-017a-42d6-ac55-8f02bdaca80a,Barcelona,2025-03-05,745.38,5f5b08ea-d19b-4355-af27-68eb3dea9f06,fl8063,2
1d9721a5-86b3-4657-bbb3-ae28a745b7de,6694aacb-f619-4490-a289-600d4efd2891,Paris,2024-11-17,621.37,e69ff070-976a-4bc0-8b9e-e7e976302e20,nA9252,2
f185a5f8-b067-4620-9f2d-b96dff719592,e5ecef11-82ce-452e-abb7-aa709e0d17f3,Tokyo,2024-11-19,599.23,aa4ed78b-1ae6-4eab-9d5b-45410bb6492c,bu6971,2
7989edce-4aa7-4219-a85a-789350879b2a,3f8bbeb9-f4ee-4204-a4e2-bcc43b6b2567,Rome,2024-12-11,148.26,c5405e88-d29a-449f-a938-dde492b91d9f,nA8891,4
1aef4265-0143-453c-9f7f-9b590904e0e2,bb84726d-b002-437d-b7bc-8b11a9c9b6bc,Paris,2025-04-24,397.99,f217a9d8-e9f0-4857-ba8c-c5699093ba4f,TM8908,4
ead99166-14a6-4cab-9029-d2b4a53f89ff,05583c28-88bb-4679-9623-5ac77b659610,Sydney,2024-06-24,248.29,9e613ed4-2189-4220-8369-acc395f744ef,FL0463,1
2f9b62fe-4d21-49a0-b255-54fb48a0a8ce,8fef67b1-c09d-4ddb-be5d-0aeab83fea11,Tokyo,2025-04-12,820.2,c3347715-1630-4027-bbf8-418803f00b5b,XZ9545,3
c2c80de7-31f8-466e-a3b2-1f94088ce6fb,ab605b00-8432-4b97-b533-e8b9d87f1456,Barcelona,2024-06-13,722.25,6fadcc73-715a-47f3-a2f4-a1c42baf520f,zn2066,4
fe07df21-bd92-41ae-9cea-becfd3caaf87,ebbbe993-ad4d-4520-9214-d5eda0e6d69b,New York,2024-06-02,427.02,c9f08119-57f1-4583-b00b-4261e149c046,fD7400,2
23374bf6-3d2f-47c7-af6d-5a470d257211,f45a36e4-d13a-4907-bd01-0e3ae5793713,Rome,2024-05-07,346.96,f133b719-d3f0-4c53-9c10-e0ea83d5753d,II9799,2
0a7c792b-70a3-49f5-9fe4-0b3a5adab91d,acfe1f33-2e76-478c-b3ba-b482beec4416,Sydney,2024-10-30,878.15,618c5d70-8710-4e50-9c74-df5199afa72d,DJ2278,2
74283cee-9db2-456b-b5a1-05de0be48307,7fea7ce7-361b-48bc-87d7-020d5909352e,Rome,2025-04-03,470.22,d7da7aa9-831e-4451-adca-310deac4b9cd,xl6644,3
9a4a8ff7-4f2d-47a2-89df-16b91be2e35b,f6993c88-14b6-4c26-92c0-57610f574b13,Tokyo,2024-08-02,414.33,82e9a594-d07a-46fc-9f84-e1b044e9e5ff,CQ0461,4
0b9b5a81-a6d8-4ef0-b997-b4604fe33611,6c40d5a1-313a-4469-8ded-91533d016374,Sydney,2025-03-30,484.33,41e0d3b9-f0f6-4386-bf81-e9f21dfe14e6,Fx1556,2
ed525fe4-9a68-43fb-ba95-0e34b2cb2d8d,79ad210e-121c-463d-939b-54e6a18e8db2,Sydney,2025-02-28,757.18,82f16a0b-58bf-464f-9f5f-d421d7e836fc,Br5692,3
8f9e9792-7322-4c51-86bb-b015586bc457,d6d5cee7-89d2-442e-99a4-b8859ba65ba2,Sydney,2025-01-14,890.23,ffc38b21-773b-47b3-b703-3308822a45b5,TF5731,3
7486d795-7c23-436e-9e8c-3f6e2d6632f1,850ef3f5-a786-49aa-8afb-59b19bd198d6,Paris,2024-05-29,429.37,18d20232-fddc-4ebb-8ccf-cc08f257d4d8,Xt8216,3
f789c63a-1510-41b4-ba89-4b820798dd86,c382629f-291d-4cc2-bb3f-ab01ecf4cf76,New York,2024-12-28,496.37,9586ad9a-4315-4a7f-9b92-453dea4b25f5,QM4268,1
9e362ce2-277d-42a0-9dd9-3077c8770859,58042768-a2fb-4bcc-b398-cd2c9b601bef,Barcelona,2024-11-06,163.99,dd8d5aca-661c-4e9b-9b4e-b1b5ba6125a7,oE8939,1
0ffb7f88-9b91-499a-8c48-ba15f3cea09d,e7847071-d0a7-4379-a660-3968f6e54a72,Sydney,2025-03-13,895.01,9969d9e8-9cc4-4990-b8a9-c11da335a320,An3284,1
5471f0e8-5ad0-4957-b04f-9fda78f56e49,d1ed5a2d-ed27-4938-951c-1ff475c26f47,New York,2024-08-03,355.49,548cb1f3-d837-4628-abdb-3907d88eb8d4,zy7856,3
e8417105-190a-4ff2-85d6-1f7f1393a6a7,9483107b-70d5-4106-bc8d-e5498bf66e01,Tokyo,2025-02-13,210.28,e30d3091-95f3-4343-b6fc-a8f1112badb2,wC2276,2
46efb929-d138-45f8-9783-d52ed235e8bd,022e46ca-1102-42de-a412-d5fe22107cec,Paris,2024-08-12,980.19,bd05e810-934e-4c31-9504-80f41d357298,Of8911,4
25492468-fbee-4fbc-b7f1-d71e840b1afa,285ad386-9d1f-4d82-9128-a1e2a4223996,Tokyo,2024-09-16,227.22,166660b2-a275-4795-baef-4b59e979a8bc,Ct8134,2
6046b92f-ca61-4365-b1ae-c8b6d6102bcd,9ac29fe5-5597-4536-96c1-2cbbd32fd09b,Sydney,2024-06-05,851.39,ea5ddd11-56c9-4509-be3f-40c11b75b51f,sI5024,1
675cd271-f1bf-41c9-9461-1c7f7dd0a8f0,200954d5-be1d-4eee-b575-4b01f9cbfb92,Paris,2024-10-09,829.59,0f18972d-b664-4cec-b7a4-7e4d387f3a61,Ft5076,4
0ed69816-ae3f-46fe-a23f-c0e4fe9c43b7,2ad4e7ad-7b2f-45be-a02b-be70fda78dff,Barcelona,2025-04-29,300.88,7c5a1f26-5dd8-402d-87e5-9ea46af0509d,lB4730,1
17f136d5-bb51-4620-ada7-19ddba193f13,4010a108-c8be-40e6-8995-50556e0d6d04,Tokyo,2024-05-20,649.28,19519aa9-1953-41db-83cc-2fd0940324d0,lI7580,2
c63f67d7-5aa8-4a47-a74b-0905d63f5c50,7fbb4e55-2dc4-454e-b274-5b7a9f8ac93b,Rome,2024-09-24,467.64,db895024-410d-4e00-8213-c6dcb1d20c17,TT2596,1
2b624a90-61df-425a-8fef-9d6d886dd96e,ba5b7be1-6fe4-420c-8fb7-931d1f9519dc,Barcelona,2024-11-06,382.24,92fcb977-108c-4832-a013-1412ad930796,Kr3386,3
ac3d2101-c3ee-44f1-a938-343ef0b9a1c3,81998b6d-e035-49fc-a8c0-6186fe66166f,Sydney,2024-05-28,900.06,db015661-d051-4791-b175-f65270819beb,iM5900,2
480ba9cf-9fac-477f-b4e1-b424c077bda0,c92ebd41-b25e-49a2-a9a0-d0db8eb0f897,Sydney,2024-10-20,518.08,a2966754-461c-4161-8473-1d695a1977b9,dW4130,4
6a63d2a3-e1ec-45c9-b63e-3dedea98a6db,f65837f8-7b13-4eff-b254-017a635baaa2,New York,2025-03-28,489.71,57789efe-2184-4461-b0a0-5ada37183320,rf1884,4
252f45b8-187e-4fd1-82c2-07f435025650,078b77d6-379f-4230-8650-651ae45e6858,London,2024-10-17,186.33,e7fa2232-a5af-4c09-8215-08ecde01656c,eY8924,3
76bdbcbc-7650-442b-915c-e488e2715221,c1ec5d69-8748-4b5c-b466-7274abc7513c,Rome,2024-09-11,922.91,5193f074-2155-41ff-ac24-02a62b306f56,Zr0827,3
7b2c6d29-2ede-48a1-9a8b-b9cda7880fd7,e731f029-6a86-4090-aa31-2503bd5d933a,London,2024-12-07,416.38,913f5d0b-e876-4da2-a931-009abfde17e9,tJ2828,1
ecda07e9-8238-4a3f-9a65-f7f58be07821,7c3e51ed-0474-47a6-a5c8-c2d5caa468a9,Rome,2024-06-01,180.26,419638a7-d729-4e0c-b1f3-fd6d2d5f13e2,QX6011,3
03fb35f5-4634-40e5-89cc-75fecd06881c,95b5028b-2ceb-4b73-b2ce-cb0e08d9d133,Tokyo,2024-10-21,384.59,2fff64c2-2413-4714-a9e4-454ba6b4c861,mi0495,1
059e257a-1282-4319-8810-41f4f7965df4,52fbd28c-f356-45da-86a9-53223a8fe766,London,2024-11-11,447.72,4ea8ace9-695d-43a3-9956-b0a78c3f8d21,ze0131,1
254a1bc1-2144-492e-96af-f71ae9390179,b8613263-25a7-4154-b367-c4c092a612ba,Tokyo,2024-11-21,750.68,7307b67b-5763-4a44-9b26-1b984e0ec71b,fh0774,3
1f90ac1a-bcf8-42d4-896b-873afe387768,510381e3-5ce4-4c69-9d5d-df8757cf4abb,Barcelona,2025-02-27,746.24,6d32c500-77a6-41ed-a7e0-afcaa8509299,Lu4354,3
eba138e0-19a1-4a6e-a023-a9e18e50a8c6,bf043c28-3a22-47d2-9cd4-e91c9ad35b6f,Sydney,2024-07-03,758.91,5b09d165-22bd-460d-8c18-9d2e8e4e7416,Ws0139,4
9743a975-c377-4133-aed3-0846e9250308,27454ebc-0577-45b1-856f-920c4f5668b3,Paris,2025-02-27,239.2,1d9e4078-55c6-4069-892a-823254d07d17,sD0534,2
f8d6aa90-feb4-4c42-80dd-67d103736d53,2168cafe-cc9e-46b4-83a5-315dad0a88aa,Barcelona,2024-09-09,952.4,057d76e0-723b-4106-bf82-0613f70afc5a,SZ9407,3
50bc12a2-df5f-480e-9be3-430ab191eeb5,2236c00b-4ee6-4fa9-8f18-d6dd7e3f4220,London,2024-09-11,146.72,97dc6be8-2018-448f-ad8e-730f08bb2f09,CB4232,2
30fd0ea1-d4c7-40db-9aaa-a6e206146038,d4246a20-50d1-4abc-8ea5-c315ebc707d5,Tokyo,2025-03-14,709.43,571d5c51-b37d-45d0-a6d4-cb5d6e94e45a,Ab9743,4
38108649-f167-47c0-86af-751aa57480a8,bd403de9-9032-4c7e-9d26-e4f62adeb7c1,Tokyo,2025-04-10,688.79,2faf95f9-0074-4720-b586-1b884d19ad18,VK8938,4
00ec59b2-c5b8-490f-ba6b-c6d02e0b1624,4f69eaad-3c28-48e8-9d7f-f1df44e45602,New York,2024-12-27,667.16,43a95834-8001-482a-982c-ec6844f29a1c,Cc2479,4
0bf4208e-2df6-4b74-b67f-a93076c0ae2c,7e8958d6-0760-4f2f-9d42-a0c1beee01d0,London,2025-02-18,956.93,a3058305-66c3-4243-b68e-b83ef8589495,bn1890,2
4e88750a-7aa9-4490-8368-bd375c165a68,47e0a11b-d612-486d-9af3-40778a14ecf5,Sydney,2025-04-11,782.3,851fe81f-393b-4876-915a-8aee24df7059,Kj5821,4
dd781e18-9832-40fa-aeb4-d31d70da271a,21f80239-9be9-4e91-855a-963e347bd0e9,New York,2025-02-05,81.77,a25cbb16-2bad-4de7-b55f-99a3975663b5,dN3485,2
4be54aa2-61fe-4393-a06f-215f8cd88107,0cfa042e-d677-4c3a-838e-fdd71a97093a,Paris,2025-01-03,375.96,35035eca-3907-4697-899a-984b53df698b,Yx1332,4
d2f62dfd-3560-428d-b3cc-d9e34c51d51e,d37abeda-05af-43e9-bd39-7989a5af2fc4,Rome,2025-03-18,359.32,25d257d2-3d19-4765-822a-e459b2fc6366,Ku5405,4
275dffdc-1881-4eb6-9eb9-9b9bc4915728,ebce0973-363b-439d-aded-d84b65c06315,Sydney,2025-04-15,591.08,b6173162-073b-4448-adbe-9b19a6b02537,Xr2760,3
e5c1b00d-5ec9-445a-aa8d-c25be27089c6,54a4992a-0ef3-47d4-aeb6-ffbbf81ae689,London,2025-03-05,301.28,a705a850-5ec3-4364-b895-563639e0249e,Qm3491,1
84ba93a6-33f8-4c22-81d4-6bae1f94ecd9,397f5cf1-31fb-4cb4-a939-daabbe8b966b,New York,2024-06-26,534.92,f577a63a-f567-43c5-9bd0-e7b843e4344a,ua6028,3
23f23b93-0305-4a38-819d-88be59715d46,0308fd55-4c53-4fde-9baf-04136c1ddc06,Paris,2024-08-10,573.21,4ee111f8-ebba-4c57-a871-93f9c0e3d85c,nd6934,3
b351ae9a-7561-431c-b1c8-53281e9051b4,423791f1-af81-452c-be07-24fbe7bdb09c,New York,2025-04-09,347.36,d1a822e5-a6cd-4018-9de1-d38d361a2690,wY2679,1
9689e258-0ef8-4782-bc37-0e7bb4227afb,da8128f2-d7e2-4475-9019-5fed9b5953f8,Tokyo,2024-08-29,877.82,896c0966-47e8-469c-a5e3-cea10eb33ef4,aX4772,4
9e4017d4-77a8-4792-8d42-e04f6f5b1e9a,684efc3c-9678-499c-b5c0-c5d18b54a564,New York,2025-04-30,563.97,eb474893-ad4a-4c4c-a005-791767c0aadd,yk0294,3
f938f4db-3692-43d9-bc55-be02a1f44ce1,4c2d6c17-a8ca-466c-8c5b-369e76efc25c,Barcelona,2024-05-05,938.47,13761f5b-b640-49c7-b62f-7a3c6b22c3ce,Ld5971,1
16cc76ab-0f08-4216-926c-5ba6fded6639,3b796844-7715-4c17-85e9-f9f73a096d7b,Rome,2024-10-23,649.51,7d99a8ac-d8b5-49f6-80d1-70035cdda3d1,tp3902,1
21cc3b88-9d66-4814-871f-b043ac7552d9,2701dd64-69f1-49b5-a89d-ab5ab40bd3f7,Tokyo,2025-01-09,634.36,4896a790-d99d-43b8-a356-ae52eb17abf8,pY6713,2
7358292d-3add-4b6f-a9d5-29072e187514,803dc84f-9992-4b34-914d-02b9b17b8e79,Rome,2024-06-07,615.72,d3ea40b1-511d-4a10-ad4c-02842fbe31bc,Cw6900,1
5154ce54-2325-40d7-bcdf-9318dd58461d,4ddb8b15-dadc-4ee8-a5bf-b2cba7dc59c3,Tokyo,2024-11-25,985.29,45f0a25b-8ab9-4ee3-92d4-b98ba634eef9,Pd6036,2
5ad8e439-5207-4d84-a385-a86a7d72acb0,9a6f2e20-75c6-4ba8-8325-ebf25bcd4663,New York,2024-11-01,407.5,0de0767c-6b21-4a94-bf95-0838d4591e01,Zw4733,3
5d8614d2-a745-4c84-bcd9-38533d02c9e9,fcba7bcb-b012-40be-9343-6e81819e31d4,Paris,2024-12-13,295.73,1ecdbffd-31b8-494e-89f2-9beb3cbc6c10,wK5553,1
cf6272a5-7519-4a24-824e-da817db04df0,0fde9a83-c72d-4724-ac86-b2a23f8c2e62,Tokyo,2025-04-25,190.95,12e964e8-8177-4705-a63a-1cd2d0bd3ec2,OZ8377,1
f586f8ca-2918-477d-a349-32a214d83a4d,040c2ea6-2740-4755-9ae2-63aa2b111b6e,Sydney,2024-09-30,611.89,50672ffe-d31a-4379-8e7b-b1245bcfed67,kQ4659,4
c4b68205-e3e3-4868-ae22-7474cae82e5f,ec4d2258-4990-4b94-babc-88abd8127d11,Paris,2024-11-03,951.11,938fd48e-f7b7-45bd-a1a0-0c047a541153,lN9578,3
7f78ec8b-fe32-4652-a98b-ad2be9467b26,301d4ed5-4204-4c75-aab2-ad32925a8c56,Tokyo,2024-06-03,468.32,585f1376-4ca2-49d4-92b9-b283aa630246,QJ8393,1
eb0df3e8-9a95-41b8-869f-52132de20aa8,01192863-414b-4c86-8cf9-77c6a38cb36f,Rome,2024-06-28,604.3,2a72f55d-722b-47bb-bf3a-5a3adb6ca94e,Qm0175,2
b25a8e0b-8fb5-4a6b-87c7-10c5759d74b6,b1a30e29-a7e0-4177-9c57-a97f86880143,Paris,2024-10-26,56.09,92caf435-e0c5-44e5-ba94-ee5a59c04720,qj9132,4
99c3b739-191e-410d-b80d-e26b99490bdc,2a94d533-e9a5-4af6-a71a-2e7f20b36ba9,Barcelona,2025-04-14,693.3,40356ca3-a8e8-42f2-b17c-23ebaf051b81,br5508,3
a25a160a-dfec-4481-9d9e-0dbd90ad7c69,dad46f4e-41fb-46e9-9c88-01056719ce7a,New York,2025-02-11,578.78,3e20bc19-1c9b-4a0b-95f2-f101a7d74df5,MG9342,4
27aa3682-d789-4500-a02d-be57e3858a0e,42e986c8-faca-4ddd-a23d-78d02634fbb4,Sydney,2025-01-02,735.62,0c77b42a-38cc-484a-8d57-2ebfb11afad0,ix7566,3
73f1f186-aca1-4554-a609-eb0dc8b4efe3,77969674-5739-44f2-9e94-87c53898f68b,Barcelona,2024-11-14,389.43,ee748cbd-2bc4-4ddf-ab10-c9dca486d539,Rc7098,2
7d88e6bd-a5cd-4d61-8733-78f3294e7b4b,f0941914-414c-4f35-b763-6eb8e8d272ed,Sydney,2025-04-26,929.96,d54d6554-93cf-4039-8c2c-49e678f7db22,Od4779,1
40ad827e-1f69-4830-98ac-974ae065755b,4d1f1e26-6f2b-4b72-bc4c-032ed42b15de,Sydney,2024-12-18,134.11,86837814-ce01-419e-8886-93571d06d5a8,mr0642,1
cb22191a-1c20-4b99-8450-12d8b542dcd6,3ae692d8-df4c-4724-ba00-983673cef39b,Barcelona,2025-04-18,487.03,dcbcf835-ed0b-42b1-9cc7-dce5b6681821,Ld9362,3
a2dc0de8-578a-4031-ad51-46af27d03e22,3d4c928f-0729-44f3-8543-25d22d28bf25,Rome,2025-03-09,753.61,5713e2e8-6c7b-4b48-ac55-7e3f9133f81c,rn5596,4
fd690e75-b94e-4791-ac11-af7e02582e60,154faf72-b007-4534-9c63-399c0e741cd7,Tokyo,2024-06-27,842.56,3dd47a67-ea34-47b9-8365-7c250a9c5a08,GG9502,3
68c5d911-f2c2-4357-affa-e372fa4a1773,70adfd17-6559-42df-bf5d-1701b9513624,Sydney,2024-08-26,141.29,cdf7fee9-e6a4-4827-8bb6-5a46f4f4c418,Op2614,2
3b331fd7-082d-4281-a88a-bf948969c6cd,989517a4-fcd7-4c4f-b011-082b7bd8da36,Sydney,2025-03-19,845.45,a12db768-696b-4d19-b892-7b30bc4f4c25,wu7003,1
855ae7e8-a24d-4c87-a78a-dd08ea30412a,0dfc8237-1809-4cf3-a4aa-e930c23ac273,London,2024-12-05,52.43,88b1eb09-cd3a-4236-94ed-41c3f8f4e32b,Lc2996,2
292bf531-2249-4b1b-bc47-626c8f351970,9cf6094f-a805-4514-b249-b2c3a983d79e,Paris,2024-09-25,149.14,0b3888e4-c3bc-407d-b5de-a2a7d08aed0e,CI8751,2
976fbec2-748d-4c15-9e41-b438aa20d262,5367536d-eb31-43a3-8ba1-f0a78e41bd02,Sydney,2024-05-22,370.81,f2713f6f-8bc0-48fc-9deb-5f6fbeb610da,Vz2639,2
e32de3b0-00cb-4ccf-bb9d-930dcb767742,f3b183b2-0294-4411-8c53-2a0277c76af6,London,2025-03-27,664.23,b711fc8f-768f-49b6-97cf-d83b2944d434,DY6992,3
aeb5ed43-8a6c-4dbe-a26b-40eb22199c02,c9595265-2886-4bdf-9123-1367fb8da1b5,London,2025-01-21,874.16,29996b42-37a7-4126-ac4d-9d21ebc030c9,bT8161,4
ecbe78a0-6838-4234-8f3f-8136aa3b1e37,d3df43d2-fc63-4957-bda1-fd606c767453,London,2024-12-21,742.98,bcdff7b3-f5e9-468c-9708-b938e66da278,xk0758,3
0d3c8b34-9767-4eb2-b53c-c47eed8dcde9,1f8bd079-40db-4362-8a2d-6cd7da8beef1,London,2025-04-11,760.87,5096515d-d2c8-4adf-bf02-1cb1ea6e1f1d,GO2135,1
8f5eb437-d391-45ac-8448-3b7d506e14c4,6b6f5fce-279b-46b2-906c-6d00779b9774,Sydney,2024-06-27,646.21,ff373596-75f0-4463-a078-7bbead2b31da,sD7503,2
047fabe5-199d-4225-aeb8-1a242dab1b7b,21e13dce-a6a3-4cbc-94e1-40f89e88fa66,Paris,2024-09-24,371.04,5b38036b-8b39-4889-9880-c219d1a2f464,sQ5327,4
5c1c9854-3509-41c8-beb9-d3742aca7e52,c2432f3f-1919-40e0-8775-13c8d730e92c,Paris,2024-09-13,358.48,8a6014a3-842d-440e-9538-454e6c79bac9,QB7666,2
59d5aa08-3b90-491e-83ea-fd4e257c0665,28abca94-601e-4e6e-a36a-32734ff8448a,Barcelona,2024-10-29,101.35,7f6ce853-bf74-42fd-9b45-d31efeed8be9,Bc8536,2
a9fd9b30-680b-47c6-ac4d-123455b50644,9f1f81be-2c26-4280-ba6d-4ecd62ef0577,Paris,2025-04-10,893.05,31fc565e-c6b5-4725-a188-27a08418ed22,nI5808,1
ec39c840-e7d0-4f96-b265-fb596b23fc33,db6571b8-bdb5-4ce9-a642-a94a6bd11ad9,Paris,2024-07-09,425.88,6a36f7af-6c2c-46f8-a912-4f62a2a71a27,ML8658,4
9ca79f5b-b6df-46c9-a693-a01d2ac95e20,106da9af-b919-45a4-9947-85cddd9fbe6d,Sydney,2025-02-04,355.7,1a7b0912-12c0-4f1b-bd2f-b5e6b9957572,FX1176,4
0f4d5f82-3244-4c87-835f-381bdae3b295,bd2bcd53-2c1f-470c-9cfb-6d0be8590f68,Barcelona,2025-01-08,489.02,f0a65b06-8f30-428c-a5dd-5d20345a4be8,kZ2591,4
178eda86-624e-4a8c-8d2e-563ae05e0911,4e1cbbb8-0f11-473f-95b2-1f58d640185c,Barcelona,2024-08-27,561.35,1926ea70-1baf-4091-9dd7-ca9bfd24a156,fR0195,4
e5b12e24-3c8f-4b3c-9fdc-71890a3dee2f,0bc80999-8bd9-406c-883f-13c227f94ea2,Paris,2024-10-01,711.09,1659da14-2490-4972-8979-610626c0ddca,if3891,3
6c2fe06c-a129-4f6f-9c5a-f14fc2eefc7f,3df19e2e-57cf-44f6-a7bf-70029075d8f3,New York,2025-04-04,891.32,20dca281-dbf0-49e5-9fc8-2e864e1e2858,uW5454,1
52ef6342-3445-4096-9248-dd8a5680b77b,67171a4e-99d1-4c6d-b2fe-e72663980bdd,Sydney,2025-03-26,593.27,64a281fb-c504-484b-a494-010155ff3b19,jL0074,1
885209e4-238f-46df-bd42-cefe89f0019b,9c37aff9-31ba-4d1c-be51-81adb8c67a48,London,2024-05-04,878.91,ea5d76af-aa40-44d2-a13a-597ee493deb9,qt9054,3
9ae72e1d-9315-4b1d-82ba-ebd5830fa270,cfa8220e-ed2c-40c2-b8a8-88c07c549d6d,Paris,2025-04-06,65.47,d3bc1841-b9fb-4b73-87a7-93cbb129a63f,sa9292,3
6aecd86d-394c-41b0-af92-6b447f32c11b,7a50f941-293d-40a6-a4ff-eb8359cf0e83,Sydney,2024-12-02,329.74,5bc243db-c72e-4fe7-9843-9f7bc030354c,Eh3000,4
e66b0777-421a-480a-b304-03e0bff7f7a5,599e33ea-6fc0-4a22-ab55-1533241c9afc,London,2024-10-14,293.65,9913fbe6-944b-4852-9766-3a28b11f8357,OY2802,2
982ece52-daa8-424a-8336-e775d8002d4f,bdd6b68e-3ec5-4ea4-a6f5-02b9b74fcb08,Barcelona,2024-05-31,428.65,8c284c23-ad79-4ee1-985c-1d4089dd3f2a,vc9659,2
89e6e143-a17b-455c-baa4-3874ee5c017a,b90ee7ab-e5b5-48da-95b4-69bbc45b8889,Sydney,2025-02-27,818.72,867120c6-03d2-44d2-81fe-9b3ee77064a1,ff2926,4
556f8f01-10b4-48e2-8ec5-82a64951e846,a878b5c3-1bc5-4190-8901-e4959a125d1e,Rome,2024-08-13,543.2,892ccc6d-5482-4eda-9fe1-f8313f5ea013,Of9855,2
64acca89-aa54-45a4-976c-1981f21da862,3ebe9589-15f7-46b3-8647-0d561dd871b3,Barcelona,2025-04-23,408.12,4f796c5b-de30-426a-abf5-938612120133,AJ0936,3
799ab2d6-90a1-41b6-ad17-afd5126c4607,72a5c8a9-a7f3-4790-a069-4ba92f675286,Rome,2024-12-29,171.35,e713d056-f3b5-4915-b658-a9e6383f7a4b,FO2267,3
327f896e-db54-446b-bebc-22ee37566993,48ff2209-c574-4163-9784-17fde4168ab6,Paris,2025-04-08,72.53,7795e177-1b39-47c3-b535-3ff4c37f8376,aw6925,4
9c227ece-50e8-40d3-9ad2-615754998830,48902d70-9ff9-439c-a318-96871256818d,Barcelona,2024-12-26,136.6,07ded1f9-185d-4bbf-a1f0-cc08c5691013,ct8622,4
ba2b8bb3-da6d-4f20-ae6a-bc49f650c873,262c8549-68b7-4f5c-a1fb-a46a5318ca96,New York,2025-03-12,675.87,b6ad32e3-69c9-4f53-97d1-3e7b6047717b,Se9713,2
b80d0273-4b36-4fc5-bbf7-215f787e5d5f,7a264c6d-aa54-4f1b-aebe-0af4e329c950,Sydney,2025-02-15,210.23,1b6f9214-2a78-4439-b641-1e8e6d62a956,Rc3877,4
733bc0cf-2756-469d-85e5-8efe6b4ee61b,6a277a12-113e-4bf4-9147-93c4f4e057df,Barcelona,2025-04-22,468.8,35a59b20-54df-45d2-9162-451aa68609af,uP8443,2
bef0f29e-43d9-4cae-9825-d522df2cd5a9,9acac7a3-9f2e-4d1d-ad77-bdb8d94d38a5,Paris,2024-12-03,448.74,9c341b21-f49b-4a64-bca1-73a0e7fdd822,QR6394,1
37d520fa-2a30-4959-9a32-3159ed8a000e,aa92480d-5fd9-4145-8d70-d1eabef6b90b,Tokyo,2025-02-07,744.28,9ae2376b-bfdb-4302-92e6-63c460aa9139,VP0648,2
79d71090-7892-4252-b72a-cbaf10ae6597,da6eff06-fb55-4ff2-9f17-cf5200ed2352,New York,2024-08-14,246.83,3028ad9e-a702-4cab-ab72-a4c1da4a441b,Vf0381,1
39474937-eb9e-45b8-929d-4a6a558ce9f6,96b5ac7d-422b-4384-9101-8c8c673ef7ea,New York,2024-12-24,352.14,5dde8f1e-8bca-4a57-8664-6212bbbdb0ae,fG3518,2
a9f67fae-bcdb-4832-849b-e093d769e50d,94441603-008e-4b26-9408-9bf696be5ab9,New York,2024-11-19,151.91,e4f18e31-65b2-4b4f-bc7f-a7de73cc3be6,Yh5857,4
1347f8f6-3712-4fb6-8525-6383a9f76b2d,26637ed9-cda7-474d-aa04-67dd88984198,Paris,2025-03-12,278.81,34968163-ad31-4694-aa8a-6af1f0d226f9,fV2891,4
da9c62aa-b9b2-477d-8eb6-6f95b0bc9445,ed9ef915-4c08-4643-a5e0-cd83e807077d,London,2025-01-13,605.98,50a3b0c7-39bc-4993-a75f-7880e601adc7,TE8617,1
1d6868ab-84eb-47e7-b237-85fdf161ea53,0bc28c42-b526-4a66-9248-ece33b74a639,New York,2025-04-12,281.39,b59db8c6-bb59-4358-b277-5f51884bb5b8,Eo3412,2
165a8d57-b99b-4825-b4c4-27b3d6de33ed,5188a295-7391-4058-8307-ec37b54bd9ad,New York,2025-04-22,896.56,12cecbe2-b404-4e2d-9a6f-6275cde7e048,mO3675,1
ebab6996-1d88-4137-bd43-dafbbfd73c97,d6ce9fca-eafc-4f53-accc-79cd5a099791,New York,2024-12-08,769.07,8bedb1ff-715f-4bfb-a992-e2464c89d4d3,ca4991,1
6d92bfa0-982e-4214-b875-b32e5ca8af64,e2bc8b41-9a6a-49bc-b0ae-bf4aa59c9ead,Sydney,2024-11-22,540.27,cb33753f-061f-4682-97b2-1d2e8a55bd2f,Cz0829,2
f172ceeb-c835-4f60-97c6-34167a25fa12,6b597be9-0b6d-47ef-8a8b-7bda1f450e33,Rome,2024-09-23,271.96,a31c3a9b-5d62-4cad-8a26-ab49635fa901,ks1384,4
47919209-b946-4e7c-93a4-0ecc547b3c3f,a358a40d-2826-4622-b059-0ba9f582c9b0,New York,2024-09-02,438.69,9b26582b-7e7a-4663-98da-57ab683a931f,Mw0348,1
f84bda21-a70d-4a95-afe4-84ebd72a8d7b,509160a9-49dd-497b-8e4f-0394d8fae325,London,2024-05-18,119.09,f7dba19b-84a3-453f-a49e-a59d5c1ef65e,Ae4957,4
61922d42-c919-4167-870c-c3e1317d694b,eb0ea51f-8701-49eb-b8ae-ad50801869aa,New York,2024-09-17,830.15,d2bdcc7d-7122-4d4f-bc75-f45b6bcff465,kq1017,3
b388c80d-fc65-4d1d-a3d1-45adf627d600,edbc8081-a35d-41e4-b05a-018011cea9c9,New York,2025-01-19,589.55,e758662f-8bc2-46c7-8ca7-659876099682,nU2080,1
7b26dcbd-2503-4ab5-93e6-ea56841a207e,8c643fd4-f36b-4c77-8555-b5ad37d3f36e,Barcelona,2024-05-22,802.21,46e757ba-b26f-4792-8936-15098b2ff493,pl6442,3
a6d68620-dde1-48ee-be78-e28e9497c8e5,821119bb-9021-4b50-b1c9-940af2d4c0a5,Sydney,2024-10-02,140.76,ab691879-ed2c-40e8-8972-5d209aa0c21a,rC1167,1
ff40ec8e-f203-461b-8485-3cdae5c0cfdf,afd11f41-fa75-479a-ba63-fff9448b419b,New York,2024-10-20,745.29,32e72d74-2358-4da9-b61d-6c1e6a9b7e01,UF9329,1
2b709de3-d96c-4c67-be89-857035755ffd,9e460180-b65c-4d92-a51b-e546b67e5671,London,2025-01-27,778.85,28713d53-b341-4877-abdd-e92f7f88eb89,cf9715,3
60e7d7b0-03b3-4b63-8eaa-998b544f51fe,ffa23926-5e26-44a7-9c7e-cdd93d1f4e80,Barcelona,2024-05-22,256.54,1ff53d24-d075-411a-9431-df63f7516f03,Tn5982,3
599fb695-fc39-4804-9a19-f49a01e9e28c,83d1fe08-dfae-4082-8279-af6599d5735a,Paris,2025-04-24,935.43,2a6b3255-15e1-42ef-8597-ab28fc08c356,JI7626,1
ca064fe8-3cde-410b-a549-bb8d80988bdb,4ab62adf-55fd-481f-b1cc-d30af43232c0,New York,2024-07-18,897.9,24b7e8da-2359-498d-accc-690361ca4f8e,fA6656,4
42995263-9766-4429-b99d-ea0598bb6d22,160150f6-8da0-45ad-ae46-b165d8543b4c,Rome,2025-02-06,344.59,bc0dc03b-4e60-4202-b11a-c2788c705566,tg7971,2
b6f786e1-ca28-4b03-be9b-5f68d7e26c99,fdad9360-7c2d-4136-97c0-924028791ca5,Tokyo,2024-08-10,162.34,c45bc138-a025-420e-8398-53cbd3469f6c,RK4476,2
9e611ea9-4457-440c-a7b0-ead79222c684,b1619a3a-e743-4a24-a3c9-b6c73e8557f6,Sydney,2024-07-01,875.11,8dd58cee-acea-457e-bb5e-09ddeec60794,Rm5021,2
0593b4af-a476-4e6e-aeec-636192e901c5,7876487a-3a31-47e9-98de-55f16dfcdeb4,Rome,2025-02-09,982.04,337fd58d-df2a-4332-930a-e84ce24d9265,sZ4102,4
da0c4ce0-ceba-4091-9dc8-52461f698caa,bff67f06-9272-4d10-b5b6-781444d7ea14,New York,2024-09-26,672.28,5cd62d58-8520-4b64-8803-991ca2074773,Wl2765,2
7f6cfbef-3528-448b-a850-7641d77be47d,56cd30fe-c53d-40a0-a85a-ffe215d6b184,Barcelona,2024-10-24,448.62,23c3f2d6-9d6d-4538-b37e-de090f1204fd,vS4594,3
d86fbafc-d7bf-4ac9-a228-f33f9fa60a09,04ee4bb1-32a0-4466-a08b-b44d25e1c99e,Rome,2025-04-22,122.57,22bb2473-4d9c-4a41-ba91-2a7508b4fb6a,tM4148,2
7181b24b-1c43-4ffc-887c-e41669d32e0f,f04e9482-820e-46b7-88e3-9f08662e97ca,Tokyo,2024-06-03,182.28,577e22b8-0928-4b41-9ddc-0a3d671d3d8b,Wk6753,4
13dfbd95-f84f-4014-8340-3a0cdf61a13b,60a89784-aad3-4fa9-9380-98d8ecbc5aa1,Tokyo,2025-02-24,310.75,27ab8798-4a8c-4e3c-a124-cb0ffd0b1a82,lz1827,1
64203911-057e-4e7b-974b-45270aa2f8c4,bf089567-9d4f-492c-9540-4d05fbe03604,Sydney,2024-05-10,399.69,52ff6052-8c05-4f5e-8731-256cec9c3e25,Xm8797,4
9ff0faca-b164-465e-9b55-c65b534bb6c9,899dd57d-2e00-4d41-96c0-60d01428dc26,Sydney,2024-05-20,816.66,474bb40d-cd4e-4d64-8718-d58175ac63fa,pH9215,4
8b6f92f6-cd94-46b8-acaa-4f8830f3ac60,b14479af-18ce-4b31-8ba7-20f708830290,Paris,2024-09-30,402.93,480cdd74-6585-4480-9c52-8bc8054e0d5b,bv5332,4
283551f6-9a40-46a4-8010-dd2bae0a9162,bbef57ea-8812-4ae9-a116-c18420506209,Tokyo,2024-08-07,483.87,1b536797-f351-4b1d-acc4-cccfea98cec4,Cs0578,1
216d9a9f-1943-42cb-8813-ea2168d78e3e,97be0001-9a64-426c-9d13-4d39538042d9,London,2024-05-31,89.65,515ee3c5-611d-4592-9329-ea5560279896,Cj7901,4
932bfcb3-016e-4989-85e2-5411c1d6a537,7d394d9b-e2fc-4cbf-a161-357a6060352c,Rome,2025-03-29,633.91,a52df9b3-b5ec-4bfa-9dcc-6d43267ee4c9,KA7503,4
b5e48a68-7320-4811-84fe-b69e01e00623,c65187e7-fcbb-45e5-badf-83cee38a9b96,Tokyo,2025-02-12,919.64,c8d97428-c3fd-462f-be43-419e7510a473,Fb6834,3
991134b6-7cfe-4ed8-ab74-849dde595fb3,b1cb89aa-afba-4b06-8aba-bef86ceb85b7,Tokyo,2025-04-29,530.17,8e99e4a1-1c0f-499f-bd5d-ed681d67164d,CV4063,1
5e5d46a4-cf75-492d-8c63-e9bfdd2e4285,f0599e6f-5b33-43d1-9e76-2e0faca0a5b5,Barcelona,2025-02-11,698.2,3c60f563-d879-43c6-87ba-fbc91258e1ee,oy4186,3
84b0d812-8b7d-4b20-b94e-be52591c6608,80efc7d8-cb62-416c-8320-8517cf78ead3,London,2024-09-06,898.26,42fa354e-569c-450b-a634-1c7798efcd50,gj1238,1
68a5c029-f256-42c8-b3b8-45daf5055613,f7313a7c-4669-4b77-a162-6280f55b085c,Barcelona,2024-05-05,167.29,c3f5eb93-b0be-46d7-b84c-8314f10b9324,Xo4370,1
06ee2361-a13d-4cae-84b2-e223d52ba8bb,9a86248c-fc70-4ed0-92e9-9bcd5e51bbcd,New York,2024-12-29,716.94,72fb2922-c8a8-48c7-b055-b1a1bd12ecb7,XN9177,4
de291d3b-3caf-4b8d-a461-5fcb82d09450,18306b94-4519-430d-a7ed-e066ef34816c,New York,2025-01-30,542.74,a449ea6e-a76c-41d2-bf87-df0f25c3391c,FB5668,3
22a80006-c9ec-4794-8968-dfdbd2b2bd10,e8c543aa-7759-4e59-83bf-029c756ed6c6,New York,2024-11-16,703.3,62fa904f-f91f-4c99-98e8-c526294c0cbe,DU8773,2
540e557c-5eb9-4f64-8c73-1446ae49fb96,0d6b5c12-8d08-4a4e-9f44-3c720bab27ab,Tokyo,2024-08-09,819.16,15e72ccc-957c-4c25-b20d-8356a0635c42,Lq0480,4
5d9d48f8-64b7-45d3-b797-b917f0fd8644,81967b1c-73e5-44b0-a82d-81cc6c568086,Tokyo,2024-10-28,515.77,7394334b-5441-42cd-b707-af64183b322b,Jq6848,2
a7a25491-fad6-4b5f-b501-55e95ca0938c,cdd44a69-f527-4739-9f2d-37aa223b46b8,Tokyo,2024-05-02,818.32,68f0a232-4537-4968-a435-19a1269d6fd3,Jd0394,4
f6cf7edc-ad98-4b92-ae15-d0f5fd5e02d0,4c2987f6-abea-4753-93ae-e5cf7833f6c1,New York,2024-11-11,823.9,caf2bb00-4349-4d21-9827-600e735c7521,nJ4643,4
24b848e5-4e6d-4039-8aba-513204a44c3e,78133170-48d9-4da8-ad30-f4559e15a8f0,London,2024-05-12,683.61,bf7d8dab-2189-40d1-8ce6-cec1ef0a3efd,RF8739,2
1ada10ea-4e2f-4e45-9341-586d5c78f1ea,d998a43a-1a27-45e0-b8b7-8605b858e210,Tokyo,2024-07-08,783.98,e0a13961-b32f-4f77-8df1-9c6e10c33d1c,cB6862,1
15c0a8c8-d0e4-43a5-858d-ceef11df72f7,4582c259-8afc-4202-8301-a2f6bf4c812d,Tokyo,2024-09-14,952.79,af7c78db-41e5-4ee2-8c0b-12518035550c,Hp9670,4
1c942c34-e36d-4ae9-bb06-c26fe7f99a28,98f8b491-5031-4bc6-8295-33443c38aee9,Paris,2024-06-25,744.77,8ef87e2c-0264-4012-9898-eee90249cf79,ha0208,2
33fbcabe-06da-4d85-a3c6-465a0d0d8fd5,5292c25c-7fe8-4b16-b3e1-44033a4f4e2a,London,2025-03-27,593.84,b9bffe1c-ff84-41f5-b92e-d3e8752c0130,Kj0760,1
d6b5eed4-6d75-4afe-a209-1f7f547abab9,754622e0-9421-4bfe-a464-841316e89949,Paris,2025-04-19,467.02,13d83fee-83d4-40e0-bb45-8e31de6e2c1d,LG2727,2
cd56d0d2-d717-4925-8fca-a0b92cd15a75,ec14d833-9e2f-4269-94bd-a1110ad219ca,Rome,2025-04-16,172.62,db28a275-074d-4a5a-8e81-4917d47c85de,RH7954,4
482bea24-27b6-4f1c-97d9-252da402cbcc,3f1cd000-c300-4adf-90fc-354ee73cf9f4,Paris,2024-06-25,552.64,9c81c0f3-140f-481c-9bd9-b26606bd0594,Bk1373,3
4a668b8e-df64-4256-87a3-cf50e62ff485,a6068f54-3e4c-40b7-8983-6f689408bf9b,Tokyo,2024-09-12,282.11,629b305c-ad1f-4831-b4d3-f7d9a5aa9d51,Tq4596,2
8d8e62b5-ee21-4177-bfb4-d0702e6cbca4,1d0bd3b3-5883-48e1-bf6a-ada71b469192,New York,2024-11-14,679.29,966d6d07-0eb3-4905-8c8c-00df6d580584,Mv1718,1
caf92c28-acdd-4078-8279-966d953a21b9,84e9adbc-9760-4b85-85f4-4953d04e73ea,Sydney,2024-08-19,820.27,3ee387cc-6cfe-4765-aa5c-365bdee3af3d,yX8930,4
3c020d36-3873-4476-9ebb-bcd4fe63afd3,b2619402-7a5b-4722-8bcb-091b27f0ed63,New York,2025-03-25,813.7,8cb6d81a-f3a5-4941-ab2c-6270930fea3a,xH0779,2
a617061a-82a1-438d-afc6-b6ec91c3b5a6,61ad1ed6-2678-4d08-8dd7-96a8258e5f87,New York,2024-07-15,879.78,f13ca0a8-ada2-45fe-aa96-aa585499249d,OW5356,1
f8b58603-3e6c-44f5-8457-07a1ba4d694f,ad35c3f3-1aa7-47c3-9026-99ff814656ae,Sydney,2024-09-17,479.77,12cef192-f647-476e-a865-5089ce86ee21,cl1714,4
cc01d8c8-1969-4cd2-a924-f1bbf87911e5,dabccf4d-2085-4263-90d2-5c93c24ac166,Rome,2025-04-16,526.55,bca7eb68-06f6-41cb-9e5e-c57018b56bb7,Vv5530,1
f72ad7b1-6684-4035-b7d9-d103c9a7835d,6ad7885f-f4d4-447f-bc3f-d4d9ce4f74c9,Rome,2024-09-16,609.68,c8fa4a25-7ad4-4c4c-9281-ddd83d806019,kq8795,4
a2cef98d-fdd8-4c1e-8def-8a18d015db8c,96a9c774-5661-4586-a3a4-a1d78aaf9c61,Sydney,2024-05-20,966.38,daf94848-865f-41f7-97bc-9e108afe9761,kj2928,4
b8e155f4-6d78-43dd-8b3c-dfdcd20ce23d,bcbc9008-f2f8-4597-b867-475128df30b4,London,2025-02-12,914.93,0e7a538d-d32e-461e-b7be-c6ea91be120b,tF7262,1
083e344e-4e8a-4b5f-b699-632c2a1df3a1,3fd25d13-a479-41f5-b560-d341d119d679,Sydney,2024-06-02,554.32,c889cd1d-6249-4238-88b9-9a04538ec0a4,VM6563,2
c05b0916-8405-4709-9b58-a56192701080,32117ce6-9ffb-41dd-b2b3-c837555d1f6e,Tokyo,2025-03-09,113.76,10f6ec5c-949a-4364-ad0a-55c8b84dc152,Fq7654,4
ab19b4cc-4768-4cf1-85d3-d604fe0afa56,3f84c37a-b9cf-41b0-a672-b29d1dd4fd2e,Barcelona,2025-02-08,527.17,aa46973e-2277-40e4-bc57-338dbdc76ed2,mP4654,4
f2737abc-54ce-4532-b781-59658ba25068,2d359369-96a1-4e5f-b97e-f286066a87bb,Paris,2024-05-29,374.63,bdeeb1d9-ad73-42ca-9452-0294b085be31,ah1855,2
6d24a9c3-e3b1-4d06-bb1d-511006770c03,3b3824fd-d47b-4599-99d2-5031e5149312,Paris,2025-02-11,718.59,703533b6-be5c-4cbc-9e84-51da0de9470b,dY3342,4
a9d503b4-9e05-4078-a27b-8851f403b6e0,83ef0c27-c263-4de4-885b-986a2d241b51,Barcelona,2025-04-23,433.05,9f8ccc07-dca9-450d-bbdb-dc85dcafdc61,Qz9510,4
c1cca870-dab6-4f8e-bdf9-28aebda87da1,4126daaf-439c-4168-af16-35a0dc46155f,Barcelona,2025-03-23,867.63,26273ce3-41fc-401d-b702-8fbc366cef75,Iw2674,4
53d7a73f-249c-4f7a-8c73-eca95c8d3a98,c5b4cc20-e53d-40cb-a2ac-5adca0befd25,Tokyo,2024-11-16,78.52,d67564ec-7575-40b6-9d39-0fd45849752f,nq9675,3
ae4cfed7-9176-47bc-8d4c-8afaca4f8185,dc9fca38-e553-4676-bb99-1514dc0c0d42,London,2024-07-04,799.12,67422961-4dec-4e7a-9c90-60be4867b89f,Ay5597,3
16a49477-85b2-49ec-a32e-c3ecb10e402a,a5d8a57a-4816-4a6e-9e42-820fff8af08b,Barcelona,2024-05-03,886.91,6c44aec2-7773-4f61-8d0d-188999f4792b,Hw9173,4
9e55f247-12fa-42f5-8f58-9e075988a76e,d5d42f9a-072e-41a0-9147-bec36a86d67d,Paris,2025-01-08,63.39,98b2400e-2eaf-4dd0-bfb8-3dbcec4df041,Sv9011,4
22e59573-47e5-475e-8403-1ce8ae0e0b64,31e14ebd-16b8-455f-af87-5ff16ef3d68d,Barcelona,2025-02-11,349.11,cf1515c9-5fb0-4ab4-b86a-3d53f9f72609,lB1396,3
8d51ba46-e954-4091-b555-4c9980ba305d,35fb4914-ba5b-4225-a350-be78694691a0,New York,2024-05-12,354.43,d565d11e-1eb7-44c9-ba93-ddf33ce99cec,Id2654,3
79334b37-b706-4ff7-914b-db26e204da5c,95b198ba-ddf7-40e8-a39c-1dd97830c7f1,New York,2025-03-28,254.68,f0015d28-4a38-4f91-89da-209eff8cceaa,eS9564,1
c3443a7e-1d41-4431-96d6-4c9cbd157da3,933dcb2c-24a6-4382-a1cf-117af4c3ba57,London,2024-11-25,752.29,b9cfaf67-4471-44a0-914a-13be55580952,bR3134,4
88ec38cc-c39b-4542-8f0e-7ce24c1f0362,f41ba8e3-d141-4ced-98a6-d918f50f1dcd,London,2024-09-11,897.78,1ddff362-acb8-4790-9cb8-abcf685cda39,NK3150,4
422c9c17-ee6b-452c-8ff5-00fe3de86888,f1f9f661-9a02-443e-a535-2ab2bfd0b5d8,New York,2025-04-22,987.31,3c4c9e29-6aef-45f4-9b87-be24516e3ff1,ih8915,2
cc1d654e-754e-4f27-a697-6100883dd0ce,3caaf96e-49ea-4bd5-b2f2-981b257eba16,Tokyo,2024-06-16,350.71,9212d2d2-240f-4fb9-bce7-578e15c7ec5a,zC6071,2
12ad7cd5-5e8e-465a-83f5-fef3ad8a64ae,414f26c9-acf3-43fa-b132-c993530d255a,Paris,2024-05-05,485.89,5e98e193-8256-4297-b4cf-5de5a0df339b,Sz9994,3
4d835e80-6ce1-42fc-811c-a786ea8bee8c,764eb12e-723b-4182-aaa1-00f99564b3a3,Barcelona,2025-04-23,701.97,f7cfa73a-3823-4090-b878-75ac0623142a,iw1539,4
f056eb80-29ea-42a1-bda9-cb006111d97f,7fcd60d4-fc1a-4f9e-84be-48ca92c5c598,Paris,2024-10-01,657.4,eac7f8a4-cbe0-45d6-a280-6b7f136ff853,Tg8307,4
da4e2c4a-536b-4c30-be42-3263943f4395,0943940e-c7b1-4007-8bd6-7265136bb156,Rome,2024-06-06,128.66,4a6977d8-4331-432f-8d3e-93145174520b,xg0139,3
3400f6da-3ac8-4002-861d-fca55718ab94,bac42c5e-69f8-4e05-b397-201bfabcc4dc,New York,2025-02-27,472.35,c5a9f878-6524-41bf-878a-0f6c65e904c5,vb5127,1
67c66a42-5297-43b8-b639-bf2570b4dd0e,cf6c92ac-0815-43d2-b7a4-0851b8546045,Paris,2024-09-10,429.47,3ef3c3e5-05d3-4040-83d9-b5d8da1a0997,cw7785,4
61dd26f1-774c-4fa6-bc86-8c4ff79cfaf6,57e4263e-0057-43ba-bc65-ff0f583b49ed,London,2024-05-06,252.09,c5537f2b-fe69-4fac-8d30-a858076be6b6,ID2687,3
532f5363-5e5d-4b5b-bc31-b8d58e9d2eba,f0ed23f7-789b-4bf7-a18e-3bd1b038bbb1,Barcelona,2024-05-10,569.01,b4bcf546-88c1-4578-a22e-664c4be5a419,ff2447,2
f034ae91-b6f7-4a7d-8904-f884ea1672ed,059a19fb-11d4-4fe2-a0a1-1c3b44357cd9,Sydney,2024-12-08,139.28,8f313b6f-7432-425c-888c-3116d437d4e5,bX8234,4
cb177900-ddc2-44d4-8b9e-58eb49ce5aab,f01083ee-74c4-4473-9c8e-d529e4e0c731,Sydney,2025-01-16,301.57,7f04b33d-ec41-46f4-8fab-76ab1abfe570,Mu1940,2
14b86a6e-79c4-4e32-8677-9a5aadc81e2e,c4f290e2-a170-4e63-a186-bb925ae5e9a9,Barcelona,2025-02-15,850.56,e1ea7332-4707-4549-ac6d-2a0d0b66ecc4,bY8682,4
8e8bf43a-f94e-4830-8840-25fec4b65d23,9c5b14bd-bc38-4f14-92af-1f42573eb9ce,Rome,2025-01-10,851.04,4853096f-04b6-4b7e-90e1-58d41c46f60c,Ff2733,1
13c7e2f0-94fe-42a4-9ce3-98370f09043d,6018bcfd-e8eb-493a-8ed3-bf7f5c8700dd,Barcelona,2025-04-14,840.86,fe4736ad-5e08-407f-b38f-c0c2ac923ff4,Qa4392,3
f1575a82-72aa-41e5-9271-888c897124d4,409f5e32-c399-4516-a9d5-057544d6c8a2,Barcelona,2025-04-03,393.82,9d872f8a-221b-49f0-9e3f-7bb6bad08242,ac2104,2
a3a2e70f-41de-4457-ab07-6b4df59dad38,c16b321d-10bd-4a94-af3d-0c50677188ab,London,2024-11-21,900.59,c2183df1-8827-4b38-bb07-1645729ef17a,Vt7765,4
3e30e0ec-329f-48dc-bd83-e2c5079c3ee8,03fe4214-c79e-4b89-9043-2e9c29787c21,London,2024-05-31,816.43,21ad3602-2c9e-40a3-a194-5393749ba19b,eM9778,3
e8a0a4fd-4d1d-49fe-bc29-203f52cdb286,3c03680a-5847-446b-9269-9db74ad96086,Rome,2025-04-26,936.25,c8ff92ce-9912-4a76-b39d-24a11ccf2304,py9621,4
8cee534a-022f-4856-a39c-1715e37ba14d,247bc3be-1127-4509-8019-ba3fa344dd5a,London,2024-05-29,882.79,b9a3b3d7-4fe4-4b18-8b56-be0e386c5f2b,fX9502,1
5f3d7c6e-f563-46a7-a787-a439de9ab560,ade68290-dd22-49a5-9122-b30debf9d383,New York,2024-06-28,463.69,d8ef80e6-5366-4337-806b-caec6927df50,zB4840,3
92bff38b-7233-4d85-9fdb-5e8d3b25e94c,c40a540a-8dc9-4ed7-b375-421cd91d16c7,Sydney,2024-06-12,758.83,769fc224-619c-41b4-a38c-50322db630d1,Jj0071,2
e9ccd5ae-cf38-48e4-a6f4-4e8ad71161e1,bf638a0d-fcbc-43eb-8d70-8eafbc96b533,New York,2024-08-10,849.23,5ea5abf9-8b1e-4620-9e42-cbb132d7a171,qZ1295,4
f6755307-4e64-4707-abb5-88c6bd5f4208,cc64e4eb-c184-463b-8bd5-ed1f238f9ad5,Paris,2024-11-19,358.31,98048bfe-9a9d-49e0-9704-53f3449206a5,sv0915,2
bc0d16a3-a7ad-4b9b-addc-c62e2c549e1d,02e235fe-0553-44dc-9d3e-1fc079aaeb86,Sydney,2025-01-19,762.45,8c8c21e0-70cf-445e-b8e5-77c827e37c7e,ut2554,4
eba94a0b-0172-4955-92f4-1ecbc136f322,484fa7de-84c6-4786-8fb6-4f3e5dcf0168,Tokyo,2024-10-23,716.39,90aa58f8-ddf4-4416-ad6c-9d30892c0ed3,Ga0572,4
76429e65-2f46-41b5-8feb-801e8127c2e4,0506a6ad-c7c3-4a8a-aa8b-d452ce9d2a17,Rome,2024-07-02,190.75,daa633bd-8329-4a9a-bee9-675dfab7b02c,Ee1947,1
8e141370-cf4e-4244-9869-9fb16e7f4bdf,f021205d-57ea-4dbf-9b44-a1cc6789c463,Rome,2024-10-10,517.4,16e545b8-710d-466f-b001-5ebd2e7ce522,ZL7315,1
067ac36c-4510-400d-b4f0-4e82f6132a4d,ec4ab3da-4c5e-4aa4-9ca9-e1943aa02a0f,Paris,2024-08-20,606.56,568a20f1-3148-42d3-80dc-bf9e4903d9d5,EY3680,3
a140c85d-8ee3-44fb-89ea-8cfc33ea77d9,b5a6abbf-6782-402b-8523-02279d054a71,Barcelona,2025-03-12,542.12,c1635be8-7c28-40f4-a95b-e66815086b05,XM7814,4
d7700cb1-ccc3-41cf-adaa-018f665c1ede,ecb9bb4a-8c70-4a92-b4f0-2417fbc31cd5,Paris,2025-01-20,765.07,e7d3c868-7efb-4f13-b015-7a0edcb89f94,aj8010,4
c5990516-6a66-4f58-92cd-aadfc535b305,7e9454c0-80de-4071-b35e-c106c17d70b9,Rome,2024-09-04,639.09,842f1492-8966-40fa-aa5a-921e399a4dd2,Td4928,1
87feece6-56ad-4bc8-8b85-ae7ac31a2b4f,0d079476-2a05-4ab2-93d9-a7af04edcf13,Sydney,2025-03-24,60.85,0af891ea-a879-46d3-a6c9-aabe56c3fd02,Ng1859,3
a148b2f5-02af-4e2b-9141-622c85ea51f9,41e7e10e-508c-44a2-8ef3-648eca006ee8,New York,2024-12-23,817.53,06a3671f-0723-4f0e-aaff-e62849ca757a,tM2299,1
dab5470e-124e-41d0-be97-dbcb6235c714,1820434e-1f01-443b-8516-5e4c2148f60e,New York,2025-03-14,381.07,0893eed1-b61d-49bb-9870-a7aaadec7b81,kE1909,4
31052064-0813-4a29-8569-c112e0ada8d9,5db6d551-eb4a-4d3c-b909-0a6b5368b949,Sydney,2025-03-26,674.02,457820f1-6fab-4a30-a7d0-f2e427fae681,wj7917,3
2b8706bd-104c-4b9e-a084-ebaeba6de49c,b8c7fe7f-eb15-442d-91a8-a0d326e89df3,New York,2024-10-04,180.62,0b813f6b-18b0-4132-ab7c-aa4d81a9525b,Us1111,2
920703ef-c81b-4a28-88eb-74d8fbe35eef,ba8e6827-8004-4dec-bb38-6f3da65448c2,Rome,2025-03-09,625.75,9e278dfd-73d0-4135-b299-316b087a5737,zj3312,2
a936f6f1-1591-423a-b1d2-39205e42d047,4749516f-3631-4a1e-bbb7-fb3fda0de5b5,Tokyo,2025-02-16,492.39,7e7474e1-9401-4692-80d4-b8253b8f993c,ri1625,2
dbe9ec9f-2e81-4676-8f8f-2a123d6d30c4,2348eedf-321d-465b-9db2-d06d40f002c5,Barcelona,2025-01-26,442.86,e26707d7-cad8-48f0-b781-b174d78e2109,Ef8343,3
c90edbba-3374-44d1-822c-eb9163dcfbc2,f4fab428-39aa-4168-9d9e-a07908a09b12,Sydney,2024-05-05,248.98,c84c3d9a-344c-4587-ba02-efb49a1eae55,fE3392,4
f57c0e7e-1f12-4286-9efc-39dfff2f3576,293b5f79-dee1-4214-84dc-781874741189,Tokyo,2024-08-08,320.66,b468b1b1-b0ed-4a63-bf70-467959fb7d39,yg4767,2
8668c65b-6f5d-4d98-8ce8-ab35c997b855,1a73935b-86c4-4882-9fea-5e4fa7ee13a1,London,2025-02-27,457.87,6af5e903-314c-4b6d-88ff-5fb677b7af43,GG3585,4
4d5a17d1-82a4-4074-82e8-52713370fc74,5d27b945-2671-4659-a39d-e40373b98b83,Paris,2024-09-20,355.91,6fe6492a-53f2-430d-9dba-44d24a6afb03,VV2977,3
92c7fad7-9e8b-4e2f-a117-a1135a80679c,a5b98f64-2668-4c2e-b893-08bd21aa8da3,Sydney,2024-11-06,299.42,ab4d72ce-ee54-4872-93be-0e6b2ab05fdb,Wo4957,3
3e280e31-94ae-45d1-9de2-47161be48087,9edf0dc8-1a7c-4470-ae54-02ea2ccdf10d,Paris,2025-03-24,90.54,e48404c3-ba08-49ba-93a7-52012f00b0c6,wz7753,1
73946e7b-e2e0-47d0-9f36-d35789a59362,682a2faa-0900-40fa-8dc6-3ae7330c5354,Sydney,2025-04-09,736.29,2119d4d3-dd84-4b90-9c58-27c73cf28878,yN0598,4
347d4752-2596-4b8c-8b68-df11974a2469,f81e370b-f19a-4d4f-8850-f98ab7252981,Paris,2025-02-08,989.88,1c04cf8a-c3a8-4cb4-9046-7a6b26f10508,cO7410,3
7b7fc5d5-c312-404f-b37a-54c1c24f5a7b,f1a89cb6-e59e-43ee-aca7-025631f7693d,London,2025-03-04,146.93,05c418b9-7868-4217-82f1-95c849a8ca51,pH3212,3
34c0a48f-5b29-4172-8b7e-bb843c6137f5,09b09c21-cd98-4cd2-bfe0-d9018aee4a5a,Rome,2024-09-15,460.65,4b682ea0-01c7-487c-9f3c-f3b49be082c0,kk1936,4
debdd68e-6adb-4455-90e3-1560dbe88372,cf981de3-5110-4ba1-8b9f-f22138af890d,Sydney,2024-11-03,323.93,254085e2-ea39-43ea-95ff-94b10d67dd2b,hW7703,1
592303bd-9366-4533-8383-dab6971d2343,6f0b2731-a0bd-4bbc-9ff8-e2391ef26f7e,Tokyo,2025-02-04,810.77,4d09fd47-a9b3-4ec4-b77f-68f9bf23a799,vf6643,4
e82efd13-a4f9-4c7f-b817-050bde580e32,045083d3-2096-4ea1-9425-9e6f3a7b8477,Tokyo,2024-09-26,836.81,2781eabf-9acd-4bc9-b4b7-826c26ba2802,xh8302,1
95f35eef-9bcf-42a0-9823-da2f21a5c4d7,d91608ff-4456-408c-9ffb-37e6d756aa92,New York,2024-10-03,914.09,f7098a8d-f220-4f06-ad8b-1fd949fa13c7,vL1569,3
81fc6247-80ee-4f02-8a2d-96e78d319239,b40d4e58-6bf0-45f0-a530-cd1d05bbdedf,Sydney,2024-11-07,438.97,a51b781a-9cf0-42ad-8744-1ee9f83cbca2,cP8041,1
358ef77f-cb71-4e11-a0b6-7ef29ae9cb9b,f05e49e8-d7ae-495f-948e-64f42b675229,Tokyo,2025-04-26,522.91,fcdbf5eb-a5a1-4e96-8ec7-3e0e2f99d6af,UC6124,3
773c1517-ddfe-4ac0-8469-e1c6fb6e8556,a5fac4cd-6cca-40cc-9cb4-d783ef0dfc36,Sydney,2024-07-19,963.93,bee3a934-1533-4e99-a2dd-f1dc461fd132,dm4647,2
f3136fa6-9dd5-4962-ac9b-82d72b1b2e45,1085fb51-c48b-4446-8e80-ad708c1b5f3b,Sydney,2025-04-27,863.95,e683cd3b-1bed-4b26-88aa-961d6a830c45,kn3626,3
bf46ac2a-fee7-4105-9643-236764d141fd,ecaec6be-75ba-46be-960f-9ab1380dc4e5,London,2025-05-01,334.23,2c9a740e-542c-48ce-9e98-12b3517bc6ff,RG6717,4
b8f1905d-de80-4f93-b80a-fdd4336b520c,419bf0d1-b523-4ded-8887-c3a5d0c7277c,Tokyo,2025-03-27,517.13,4bf0a799-2b68-4c65-b86e-78f004c4178a,Kx6084,2
16b3b7cc-4647-4ead-a49d-b98d679f4fc9,a0348dca-7189-4f89-bcee-c0144a96ee5b,Sydney,2025-01-09,639.74,a99cac1f-cb96-4216-b506-019ecbd2d655,SV6912,4
9b76e127-bda5-4691-b356-4f4c1afe2e7a,31a12e12-b605-48a2-a496-20507d34ee63,Rome,2025-02-11,146.1,8d249238-aad9-40b2-9954-6d21bb8a6d51,FW8761,3
ac1d5dad-9a5c-4720-acc3-ba09ce62ff7a,ffc397a5-1f17-4bde-8625-db13aa3ed21b,Rome,2024-08-08,597.58,d7b310c7-afa7-4819-a20e-172e531726fe,UT1532,4
5858d938-7e69-400f-b9dd-e0ca89176f3e,463d8e8b-ca6d-4543-bdab-83198e4e62db,London,2024-05-31,634.93,ae040fed-f019-4512-9f55-753612dbcbd1,my0818,3
7b910e5f-8fcc-4d2c-ba81-887396b78020,e38a4161-b493-4686-97b7-f5682bba9587,Barcelona,2024-11-14,327.3,b5d49525-ebde-47d7-842e-4e867811bdbb,Aa9776,4
89c3810c-20e7-4c5b-bb80-c18479625dc5,f8d7072f-72ac-47d1-8312-101a08f6abad,London,2024-07-31,581.95,ec235047-8fd6-491f-9b69-59b4ef8e5c93,vR1834,2
cb3e8d18-2b30-4db2-b18b-7a3cfaa04937,e0e2bffe-ff9a-41c0-949a-c0682926f138,New York,2024-09-02,600.62,99a0eac2-c714-4064-b528-58da00586049,Fh2698,3
5bbdeb05-0838-444f-94d4-a09cdf3cd054,845e8d17-853d-47e6-b62f-c406806b506d,Tokyo,2024-06-12,827.88,1f1096be-ce85-484e-b4b1-d16cd1ad6cea,qM3861,1
f0e021d2-40d9-4e82-aba1-f16f36afce06,6c6ab02c-fa8a-4c85-a216-c903740ea8b4,Barcelona,2025-04-18,683.9,1fa80c7c-424f-4143-b973-09d7e935e649,Nz6153,2
558408bf-7b6e-4101-8978-318129cfe36c,310d0d5e-b603-4f31-aae8-73d8b95da360,New York,2024-08-22,232.69,be7fb210-0f56-49ca-b87d-ab8a07f6ba25,ku4785,3
330d3cdc-877f-49e0-9eea-7c1768596652,60e088e8-9b9b-443c-a972-9f3ea5b52075,Rome,2024-10-23,592.89,20c85931-62e3-4c15-8cd5-f5e0e1750e63,nA8647,3
04b20df7-5a02-41e6-80b8-0b563a5eb2e7,d39ecc67-3718-4f18-bf4f-29229cec49c8,London,2024-11-12,968.46,403e0ab4-1f24-4d19-937b-252b387caae3,xU9072,4
10e457e0-402a-4ca3-8c59-76847fd5cc51,e14d69f2-efd8-4a5a-a9b7-1f50e20cf7f5,Barcelona,2024-05-25,252.32,509ccaa5-add1-4060-865a-c6006cfd5161,qQ5428,1
b2266a81-e378-4f0e-bd8d-5966b5b096a4,408ce928-166f-469b-ae0f-caba9ad8909c,Tokyo,2025-03-23,234.97,7bfb0658-b1cb-455b-8a82-150526acef94,xO9895,2
3e38663f-e64a-464d-bf1d-fafcf6b39a4b,97c6a2a5-a404-463d-a865-fdf371d0b5ac,Rome,2025-04-14,715.86,dbf689d2-cfc5-49f2-b721-205ed5da33e5,sg8165,1
7a2cf5aa-006b-42ff-8dae-56794126b11d,26d3f573-7a38-43d5-85e4-2dd2cd40fb1f,Paris,2025-02-21,351.86,bb7f0951-b7fb-40e9-8fb4-2669126f8243,RC2112,4
130cb79f-9807-4cd6-bf4c-cd997786eb87,0e848f47-f0fe-4adc-8a8a-427859be7b62,New York,2024-08-15,699.2,0d1de3a2-3c03-40cd-bddd-06cc7ae741d2,PP4879,1
0dbd0ffd-b79b-46d9-90b9-67788c80bed3,315c6e4a-38a8-4da3-8bb2-5a118c39e007,Barcelona,2024-11-05,389.25,59b971fa-cfb1-4d8b-bd9e-d46a39654a59,js2084,4
787fd0c2-2ec3-4bb6-b62e-8cf954a0c5a5,a7eee83f-8a2b-453b-9449-d6d1fc58858f,Rome,2025-01-31,487.13,77d23c1b-30f2-4b59-bd3b-2025ad9670af,Lh0721,4
7ff9d603-a038-4bb7-a4f5-2e5225c0f8b3,8c6a74a6-89ae-4ffd-9a8b-7cf72e825efd,Barcelona,2024-06-17,739.87,e34924c8-d315-4b20-a3fa-944ce466fc6d,VR1440,1
c97cf122-0967-4b8a-88a2-612ccda7119f,f0f4d2ef-4254-402f-a567-68d74d8e1df2,Tokyo,2024-12-31,197.12,a31ee67c-4acc-4a80-9cec-6fc36fedd8bf,iH0802,1
eebadd2f-0f90-4a7a-afaa-530c220736e8,3d9d6eb5-6153-421c-bac5-560b35389647,London,2025-03-27,567.08,27a06fe1-1753-422e-a019-8449cd47dab5,xW2902,2
3ed42702-e7ef-424b-b9ef-6286842ed173,22345801-d091-4c6f-8639-ebbb8cc26b80,Paris,2024-07-10,213.39,6345b53e-d787-4eb8-a2e3-7e66261b10a6,Ws9679,1
aeb274ae-f98a-46ed-9037-ed03198d4f97,cab6f853-0ba3-401a-8fc0-dfbd5a3c68b5,Tokyo,2024-12-29,667.85,a464c44f-d379-4e45-86cb-0c42a9afd474,KA3541,2
0f937506-6776-477a-aa66-d9e0b0256458,ce8c9053-3f17-400d-b851-fe7112ccdc35,New York,2024-07-18,734.94,317dcf23-ce2b-4b51-a833-10b0d11b22ec,hw7323,1
bf17d179-0381-428a-bd8f-f76d06b86014,974f2f8a-e2da-4591-9e88-fd5f3a71d356,London,2024-12-14,779.62,3356e911-c51c-4913-8890-77f78bc2129e,Aj7581,2
765675ae-6b15-4721-b6d7-4afcd828eda4,2dac6911-3c14-4a5f-b7d7-1416c06e59c7,Barcelona,2025-02-15,990.82,8f59bdb4-436c-4732-ae7b-c0769058b844,zS3184,2
d99a9b6e-fb44-4bdf-bf78-789a4362b81b,9b0d52a9-7291-4047-b34a-701dfcad641f,Sydney,2025-03-21,435.86,ed6d091e-1943-44c2-8e02-09e3c8ae328b,KD1839,2
22025798-3f5f-402f-a28e-32c4618f2f60,e1d0f066-a4bb-443c-8d1b-3bad5faab8d1,Barcelona,2024-10-04,184.88,bd84d595-b92f-4c6d-aa0c-7b295986b8fa,wu3723,4
d5639a51-adb6-4642-88ad-d1fb8a7e4511,8aef07f6-1ebe-48f3-b122-402a02f1e137,Tokyo,2024-12-05,544.86,3075329e-aed7-41e8-b7cb-4fe02dd608d1,nk3178,4
fbf9fa36-950c-4796-8006-6b1d4342516c,5383159b-9877-42c1-a179-1890a3cad1b1,Paris,2024-11-25,683.66,ef26fcae-e2c8-4fb9-b32e-b3fea864befe,uL9649,4
dd896f88-e2c3-42d1-8922-ff68eb971386,0471e5d5-15be-4762-b6b2-a22737d78a54,Tokyo,2025-03-02,928.26,ac498a16-d206-4bb7-b897-d2c93b8bcb7c,Pb3841,3
eb2ab06e-9d06-4d7e-a60b-2ad221164889,d5d3c9b9-2dbe-498c-a7a5-f914a2dbf8d5,Rome,2024-05-17,188.71,7d63739d-a652-4530-8b8c-a386c436188f,PT3038,3
cf1a07d9-bf8b-4506-b8e4-4477db55e7e6,42f818df-96d6-41ce-a037-fcab2c0708aa,New York,2024-09-22,170.02,952ba1f4-8655-42a8-8147-9cede34bc5d3,UG3590,3
0c166760-f4e9-4dec-a647-59a866a89c4e,2b749c1c-61df-4b67-9f80-8f3e7a06f31b,Rome,2024-05-03,884.86,2d1ad677-92a1-4e3d-a3e5-b555ba37c7d1,aa7805,3
fb3518e9-039d-4a89-a000-b48194e438f7,cbc02baa-e2d3-4e1e-86c9-0ebf9ace9644,Sydney,2025-01-06,906.69,c8dd1858-a008-4142-b636-47ccf7960e18,Sj8481,2
84daf98e-b8ea-4c9f-bcbf-04cb8f8516db,ff0c7d5e-80c7-40fc-a6c8-2d60b3f4a36f,Tokyo,2024-07-04,219.16,c649c3cf-3a7e-45cc-9f29-97c3b11e1f93,we7223,3
52b0f202-481c-4719-9424-231ca41fd927,ed7c4d36-f59f-4d1a-9091-b2742e890a14,Paris,2024-12-01,653.2,0dc73399-ae42-45a9-9233-77f83a96dc75,Qc1473,3
74bb7002-91a2-4d76-b9e5-187d98701eb6,ccac9da4-a8a1-4f40-9e45-4c31df802ddb,Paris,2025-02-12,845.69,86077593-d0dc-46e6-81ef-c53e7bcbdd5e,Wn2495,3
e42b41d1-74ca-44fc-8a79-1d30d24fd0aa,024d8772-ae23-4e48-8d4e-c3895a207949,Rome,2025-03-26,783.04,552af0e5-3f67-4aa3-8888-6ee141a3a097,Vs2652,1
4477221f-4a36-4928-95dd-cf7198492bbc,c3d909cc-a107-4f7a-b5c2-1583212c550a,Barcelona,2024-10-05,236.14,ace415bc-3277-4e2c-bc81-84b14239295f,Lw2724,1
6112f073-8837-4781-9e84-22505f8f9aed,92949c60-1ab8-4b30-9c11-fc2d11e30c01,Sydney,2025-02-23,903.24,a6203d7b-f10c-47de-9a80-6f300e67a7ae,wk1516,4
0ecfe4e0-fb76-4e3c-8d8c-c6cf75027557,4b9f68d1-851d-443f-ae50-6ea20254e217,Tokyo,2024-06-14,314.28,322964c0-e792-4ba2-90c0-7faa3536ae5c,OF3595,4
b6ad3d26-9cd8-473f-a6db-ba971bfa41a3,b1c8fce1-0893-42bf-ba59-2a55e7b0b274,Tokyo,2025-03-17,544.21,2e11adcb-621a-4b36-baec-e76e916a649d,Xq0984,1
b6ebdb77-218d-4baa-85f5-d1043a50a9c8,9bb0de04-79a4-47bc-b2fa-1bd272f4c0d0,Barcelona,2024-09-18,755.44,2e4b642e-def4-4b98-ad60-8ed6433b30db,DC1692,2
fa40ffd7-8cf5-47ab-9fd8-47084dd65d7a,593cc407-abe0-4da1-82cf-3e39fa6a8408,Sydney,2025-04-04,922.99,ff78ea2d-e1c4-4738-9f4a-d35fa3b393fb,iS5976,2
e7e5c0de-0098-457b-bda0-4ac4e98b33af,c7198318-8e28-402f-b1a9-9f19a98b5270,Paris,2024-10-02,709.17,47d7ee87-afcb-4bdd-af0f-a8eb4e4eb9aa,ic6634,1
c12856d7-696d-48c5-a0ab-f9f94d1dc7fa,2459c261-d455-4320-af49-fb6a2a9d858c,London,2024-07-09,539.25,14c93f34-3034-46af-9304-100b6c7b54db,kQ0975,1
6b5eb04e-e035-4954-913d-162eae2485ec,8e32d9d9-71eb-4a27-a386-d0957fb2f3dc,Paris,2024-06-19,750.77,a8ab659a-6f4d-4c39-993f-45d99f17d431,Lt6587,2
80973eb0-6dea-4e57-b6d6-817daeda433c,fd2e630c-cba3-446a-ab15-665c8f6e1758,Sydney,2024-09-14,224.6,17264708-5fc9-4fb9-a19b-1c1928d930a6,Mv6691,3
152948cf-4be8-4104-a4b7-a74f92a8ba0f,0a7e5817-68f3-46c6-860c-3f1aad487183,Tokyo,2024-05-27,567.29,78121540-5b91-4324-9710-6ef7a3993b16,na7027,1
d902845b-44c1-41f1-8422-c76e4368b717,c4d167b7-5b40-4cc8-b51c-4e3c095b2e88,New York,2024-10-02,163.53,cc090fc4-87ba-482b-a110-04dc32c37863,lz5633,1
a82cef3f-df5e-47d3-8573-5ae06044a8e7,a6871ee7-6315-40bd-8568-2d94237af742,London,2024-10-25,711.01,73a9bdc1-6fc2-45d5-83a4-a45b4a7eadb8,OB2580,4
f1de22b0-e709-4b3b-acdc-3d489e88c1a2,594ae2d8-089b-42a2-a6a1-ec3786076543,London,2025-03-04,226.37,60c13674-7e35-49f9-9280-aa043acfc395,Fm6212,3
2ec149b1-78aa-4c22-9669-4425a83c9ebd,356df33d-9af6-48d9-961b-8c15c0200c5d,Paris,2025-01-08,856.42,b0bfbee9-e819-492a-9f4d-879c4ae38094,SJ5028,4
32586c65-d763-43c7-81b0-fdb5871a3ed6,cadec7eb-d4aa-4f15-a901-aa815446baa7,Sydney,2024-05-20,526.93,dff201f1-f848-4a35-bd01-6f5c3d06ab7e,vZ9638,2
173b062c-de5b-4af0-a974-178fa36adea5,5f4fa757-8fa6-43c9-a9b6-68b0d6d346cb,Paris,2025-04-30,895.75,d278d9f0-798d-4e06-8074-706f57ba9184,uM1371,1
a76be648-b10c-45ed-9a28-4d2ece0201b2,111904e3-f300-46d2-9910-255586fce590,Paris,2025-03-19,777.86,4c458d7d-8da2-41a8-abc7-b90e06391765,eP7091,1
fefe0b65-4bf2-4047-8c02-ecac4f36e9fd,a60e5d13-4789-442f-adf6-9e89759d2c89,Tokyo,2024-09-21,147.54,6caa5c0b-9992-4c06-a25e-748f5f9dbbc4,pv9902,4
6dd1b9c3-16a1-4e28-af83-2e36d7268323,00aa2357-d97f-428f-8ab6-e58eee779f0c,London,2025-04-09,403.0,0b47cb9b-d1c7-4aaf-91b1-c89424da4b25,sL3217,3
29c34903-3c4b-448e-b78b-9569f011b50f,5b6a6f87-ea4a-44d4-b869-b0e1212dad45,Barcelona,2025-02-26,352.8,6e2d7fc2-9fda-49d5-9e28-dd226e1ee2d9,iF9319,4
7751c403-bd3c-45e5-84be-96d40fb52aad,463f69b2-668f-4d98-b8f5-098babda98e2,Paris,2024-11-26,997.07,97ee2507-d8ed-4e91-9376-e941a453dba3,ZF4413,1
4cbf50e9-94c5-42f8-b638-dc72196d8c9a,19d67c3c-db5c-4a0a-b079-f1ce67702d3a,New York,2024-12-16,660.47,418693aa-d145-4848-9a33-c2e1c3a5f85e,hR5372,1
59ccafd4-80e5-4097-918a-aab04d3856a5,4139d187-cafe-4055-a21d-7c8f835ed081,Rome,2024-08-10,840.97,9b57ad55-2c49-480d-80d5-f4626eb48088,as0736,4
317a420c-2431-44d9-9ee4-49510e7037c5,18e6c3db-f18d-4e3e-a04b-7ebfddd70409,Barcelona,2024-12-15,729.21,7cc014e8-80b4-4845-ad40-10ab6cba4ebb,Qd5188,2
eb3717a0-5afc-40be-9fe0-768fe31c01ff,1db1e741-4591-4cd8-984f-35b46e67edde,London,2024-05-30,285.1,16b507de-7898-413b-9b9d-3e93c80a963e,rj6702,1
253818dc-c91d-4000-a571-e33292561f98,2e9de0e1-a80e-468c-8835-4ad10af2f42a,New York,2024-11-13,314.27,df62ed0a-e929-4aef-b616-66ffa68749ab,Vr5047,4
1d0969b5-4c51-4002-8914-2d873cc4c4ea,e3dca4be-7933-4072-b106-c2ec11e7035e,Rome,2024-11-20,260.74,e49ec8b8-d282-454c-abed-e852f3cbc198,rR1123,4
144054eb-2c64-4122-9c6f-fcd641ba886d,5f05d145-a110-4d40-a4e8-6c8b27e137b8,Barcelona,2025-04-02,872.67,ab00bd61-ad27-4ee6-9023-7eae84e6f2ba,kD2433,1
36cb323c-c29e-47da-bba7-0bc1e6579ce0,d0773e30-67b5-4eba-9106-404c3a697045,Sydney,2024-06-28,827.09,0f7bc059-80c5-4eeb-a42e-f78b0c34c10b,ZW6010,3
da0fd8b0-7feb-452f-8c0f-09dfe9aadaa5,d650c732-16f2-4004-b039-de87bfe24da0,Sydney,2025-04-28,432.78,8526cb9b-e69e-4ed5-9bae-febb925b0dad,Vv3852,3
c8a6c610-693f-4ef5-bf72-7db8594042f8,b8948ca0-7526-45e5-9216-7b619754f654,Tokyo,2025-03-12,97.03,82a59c6e-0cb0-4fe9-8bc2-10a0d0d6d4f8,xa9994,4
7eefeaf9-0570-476b-a93e-8466f2219d4f,b525f270-fcd5-4de2-a6af-85db5d7bbd4a,New York,2025-02-13,222.26,68aa4e5c-d4ce-4654-bc87-a1189ff96dd3,ZA1320,1
c8ebb787-e4a4-4720-ba76-dd6a8990500d,d03d7178-dcaa-4e10-9357-a9f3feec5ae1,Rome,2025-02-21,843.71,27b42970-2b22-4dfe-af4b-c4cbacd8b9ee,Nr5271,2
5a411ab1-55ab-4a96-adb7-ada5b01bc50c,0c4a8705-6bb7-43e9-b734-dadd7923e56e,Tokyo,2024-10-01,282.67,2817bcc9-f6c6-417f-ab2c-9b5660a2f2ee,hK6354,3
6033473d-2916-405b-826d-438c13c7e326,2beb974e-949c-48f9-a840-a6d6db61a369,Sydney,2024-08-30,375.25,be46e2a4-180d-4968-85b7-d9c5bdfb0dbb,Iz4463,2
04491840-0709-4611-ba58-656cbc423b6c,d3f7ed76-34a4-4007-9670-760b5feb8c7d,New York,2024-11-13,630.4,97a884a0-ea9c-4c6d-8eb2-aa4c4a0c1aaa,WH2988,4
0b08d5c3-6b6f-4a97-aa36-3c684483d0a1,cb14333f-67b3-4eab-b372-5f24574489f9,Sydney,2024-07-25,314.07,0c2ff3b4-bbe0-4f25-a9e9-e4ef9a64cd30,Rw7429,4
4eeb9fe7-22bd-4f93-99b5-c944cfc064f4,d1502e20-fceb-4492-9110-d807f7c14a16,New York,2025-03-18,816.36,a5cb23fd-cd37-44dc-b259-09b5516c7adb,vR4135,3
4853f6e0-1d88-44c8-acaf-8157b58ce53a,5101645f-d358-488a-a7f2-ad1339b3fc1d,Tokyo,2025-04-25,516.28,1aca5d77-41b9-4e6a-943e-9499810a2496,QC6092,2
717cce09-c368-4813-b6ce-b83d16f1c1cc,2ee6c125-ce8e-4546-975b-f66e0a89c55a,London,2025-03-22,563.24,61008484-0589-4c6e-a248-5d3fff243c43,yc2897,3
c5b0b399-fed9-44dd-9667-ff2075d434cf,f69387c4-3668-4ba6-9c46-1a229bcc3ccb,Paris,2024-09-21,822.52,4dbfef93-5216-4c9c-a837-f100fd88cdca,XB0002,4
bb889f3f-5751-4077-a8a8-94d086a87c54,16783cef-1ed8-45c1-b0b4-c2eb5b968ff5,New York,2025-02-03,777.36,7c53d8f8-a9c6-486e-aa34-b286be828ef8,Bd8344,2
12d34336-3a1a-42bd-b957-75e365a916a1,b5f29aff-3fd9-4e34-9465-5bb373897b3d,Barcelona,2024-11-12,217.21,01fcf55d-8559-49c7-9ff6-4ab0a01e503c,nw1151,4
588e8283-077f-4294-bc05-9973c390d17a,d2991b63-862b-4fac-aab8-c1ce3012f69a,Tokyo,2024-10-31,213.88,8d7e0929-8a4c-46e0-98dc-8a4c72bd9ce4,vN3069,3
a6be4ce3-9e34-4f47-bdcc-8e26d9225eb2,0eb754dd-ec33-4ae3-b235-8818ee252e22,New York,2024-11-15,277.77,ce7a439e-31ea-433c-8afe-5a09d14a8934,KF1884,4
1173c337-2b53-40cb-9dc6-1e0534dda28e,40d582d5-6249-40b3-9545-5bf30dd33103,Sydney,2024-07-06,147.95,e347611a-e55b-4d78-861c-638ea3384a9a,ex1172,1
4c0b487e-06fb-4543-b195-97e95c683a53,4857b51c-87af-4e9f-bef7-59e969e24358,Tokyo,2024-05-28,721.87,05ff8f4b-10b7-4eb0-a366-a22b084454c2,Nh2094,1
d39f4111-4e4c-471c-936d-a808ba187e57,002db481-45d6-4332-b3a9-c2dacb895358,Rome,2024-08-14,964.74,f908d17d-6c47-462b-9d7e-76e650cbb28d,Dr6402,4
0e63e1f8-8f76-47d3-a26b-25608d847670,a0d3f5c3-97e6-4daf-92ea-ba9fe271b421,Tokyo,2025-01-13,941.08,6d5cf9c9-6bf9-4c03-a3e3-213634bce453,Du1608,2
44c3c344-52f3-4701-96f9-56e0f823bf1a,85382c48-bb53-4b0b-aaf3-bcc2a2261ada,Barcelona,2025-03-26,315.04,8a5cb1b8-362c-48ed-9dcb-1acb2ac91823,oc5800,1
798e11bb-03fb-4c64-aed9-bd7642d39425,3947bda7-8afb-4877-96c3-22551ab3c5ce,Paris,2025-03-27,224.04,2f11eeb9-d440-4b1e-9b98-2b7c42ad4633,ua0623,1
eda4616d-5a40-465f-881b-b44c488d4ae5,f8acfa1b-e4cf-4a72-ac37-dbfb8fa7729b,Sydney,2025-03-17,82.2,1298dccd-f5f2-4031-8f40-560711d2a1b8,wv0621,1
8dd7f239-7e11-4aea-8ec1-7122590d736a,e277df28-bcf6-4efb-9c64-204e8cc21b4a,Barcelona,2025-03-21,920.12,f8ab7796-1f4d-423b-9503-bfbddd158a64,OE4095,1
4190558e-d576-4941-9cce-a8934b87a37f,66bb7486-77f9-43aa-88c2-f81b9b81027f,Tokyo,2025-04-19,496.75,695fe214-1388-40e7-b452-d2da790772fb,pP7068,2
c83aa270-8f9c-4617-8dc8-885ebb29ee25,c7fa2d92-578b-4527-a277-31c02636dd7f,Rome,2024-06-17,166.22,e2181eef-868b-460f-8985-bb40426f5a33,KB3304,2
ea99f665-e201-413c-ba20-9372182b1c7a,8cfec092-1cb7-4fab-9675-b7329b88c70c,New York,2024-05-29,524.44,d0b181fe-15d8-441c-9081-39a8afcbfa2a,gz8642,1
3d81d149-dbab-4b94-bcfa-276777c753a7,fff7474e-fc36-4e2c-943d-4e07f710fb04,Paris,2024-06-05,63.56,3c58f0e8-7718-42c5-92c5-016e8ab7eba6,yQ6119,4
f9f08994-5757-458e-94b2-c261652695d5,7ef6b336-b378-407b-ba05-c7f59a860073,New York,2025-02-23,635.24,f9bd0b4c-3345-4a9f-a85a-4cac5c5856ce,Ug4126,1
a5397e76-6036-4e4a-bc8e-c008c447135d,601dc7af-4143-4c18-b8ea-5aa54442d1de,London,2024-10-30,208.44,da93973f-54da-4f4c-8e1d-22bdd5fceadf,ZO2190,2
17b4359d-c732-4538-aa9a-cd00973253b9,790b58c8-47e6-46d8-808b-7cfa5e96495d,Tokyo,2024-11-25,159.11,e942fb94-0615-452a-bdd8-fb1ed7b2b8c8,gw1839,2
785d24f6-9f00-4ccd-a66a-b824c3ead12b,8c5fb76f-4c47-4dee-8112-2a385303f095,Barcelona,2024-05-13,940.41,7409a4ad-6a2a-4cea-8e8b-8919f488984a,AQ2471,1
c5808db7-b214-42a4-936f-893b4aeb63c4,d1646625-a698-42aa-bc12-b491d3f67982,Barcelona,2024-05-27,904.46,1bf88871-ca49-4f9e-98f8-40b3737b9443,jM4580,1
403c3af3-0e59-4f1d-86f6-2428b978f061,6166498c-281b-4eb5-9e9a-97f9e878e666,New York,2024-10-06,220.02,aaf5dc0e-75c2-47d4-aa69-9071b9e2b26d,LM2024,2
dc0ba539-1f11-46f4-8c73-23f512002508,df6c0ad3-dda6-425a-858a-8cfb3381fc60,Barcelona,2025-04-14,882.45,ec840c85-0dc3-4588-a134-84d73e5c5157,Zd7373,2
7f62416e-29c8-4ad7-b9b0-02a02d6cdb4f,96676e9c-6f91-44fc-ab9c-315250fd7aa6,Sydney,2024-11-04,945.66,e0b37ac5-e6ab-4e7e-b0f7-98eaef45e595,rP1813,4
22b8dc68-e0b6-4586-9281-cba5d822272a,e2606d9b-2004-4d17-a697-8e35b26d4649,Rome,2025-02-17,948.67,4b2d9738-005f-4074-8c59-f5bd846dfeaf,iI7029,4
0bdee90a-6e00-40e5-8f7b-8963b3f743a8,ee485555-d1ef-4831-b0af-bbac12fb8894,Tokyo,2024-11-30,988.21,405cfee5-c8e3-4c69-a237-e61fef176143,bl3946,1
534f61f5-c0bb-4e70-b979-24a06417bde8,10874d1b-71c9-4a32-bceb-ae2bb9f68d7f,Rome,2024-09-02,547.18,e32f6bf5-4136-4b35-b4c4-ab0bbbaf63a5,zL0897,3
70d307c0-fc30-4220-935a-83f775fde0a6,3fcdcfbf-c271-4161-a4c5-fb845ed13a4d,Sydney,2024-11-09,373.74,ebdb2000-9c59-4563-8392-1c703b50d187,LG6116,2
99ed5b4d-33d2-4410-ac9e-9d4dfd916ea8,1cd38aae-1962-47cc-a835-2427b0ee238f,Barcelona,2025-02-02,991.66,1edb8ce2-4c58-4fb3-bf68-9aecab976042,Zb4724,4
48e4af3a-2a9f-4976-878a-c7a2e491caaf,9f0661fc-49df-474d-a710-5b18d28f58dc,London,2024-12-18,987.13,cd4603e3-7dac-4b7a-bb04-50b2dd69cec0,TF9244,2
69fc3a33-ec44-4dff-ab8e-6573844981b0,ccff08bc-c401-4a79-a3ae-65c55b9cb7ff,New York,2024-09-29,433.44,d1b03fbb-2a45-4b3e-bce7-9120f39ad09e,jw9090,2
aa9a770f-426c-4e4f-accb-2ab6920c22c9,1ac81d17-c346-4ac8-ad39-697ec9bed8be,Barcelona,2024-09-28,661.17,b88af799-a5d9-4316-8fe3-3d48d54d20e9,uj1516,1
8e00654b-ec7d-4690-9e39-687c177b52af,7522f270-52e2-4907-b1f1-6551946aba09,Rome,2025-04-23,204.42,a04cb11e-b42f-4753-a0c4-38d212ef8cf6,nn2871,4
08f831c0-38b2-40f1-87c7-fc03835c1839,4cff813f-9b80-429f-a3a5-54965d18bc3c,Tokyo,2024-12-22,117.32,f76e8416-9600-4772-9d37-202a198dd691,Oq1475,2
bbc3074b-447a-4db5-8287-7168f1bfc154,2b609454-25e4-4f8c-b404-a1ea2d6231d5,London,2025-01-26,149.01,5dc2195d-f1fd-4caf-a96f-8436952fb207,PB9222,3
ecab44cb-befa-44fe-af73-bdb512734ccd,b07d5d4c-e231-453b-bf6b-6c28f9d52d3d,Tokyo,2024-07-05,128.53,a7ee63af-c9a6-4b42-a02f-f91940049677,oS3076,3
5cfa7f90-400f-4daa-afdf-14e238374f02,f3654387-9ca6-4599-9fe0-e27ea5eb7245,Barcelona,2024-05-16,787.61,353479de-289f-4b41-ae32-6a80ff015abd,eS5125,1
b829fb8c-0dfc-40cb-8c51-ed6a713f812f,86b1c921-b4f1-4e55-88c0-a5898d54343c,Barcelona,2024-05-20,310.95,8b20e8b4-550e-4059-bbe5-0838e59a3150,mJ3973,3
49565f36-7eb3-4df0-8736-e09c332e8415,fc7ed47c-6819-49da-a640-4dbba81a8c71,Tokyo,2024-09-10,884.04,0f6779f1-bb21-4192-a348-fd9e0d8c948a,un4486,4
064f9990-2c8a-40f9-a3bc-0a9f9170cdc8,936f263f-3cac-4cf5-b4de-4cac76fbf217,Barcelona,2024-12-07,908.74,041814f0-64cb-484b-b4ff-ce9c13d2f3a3,qo6395,2
960dd7de-bf8f-4e6e-af37-5b94d92c2183,ab288a7d-cc7c-4d95-9d08-ece5fc13873e,New York,2024-12-29,196.19,ef83b34a-858c-4f96-8c6d-09a59895c518,aU6679,4
d13b7579-d85c-4efa-b8ee-ff3789079827,116acb82-b212-4f0e-903b-570b4032e344,London,2024-09-08,165.08,3316d550-3873-4419-aa51-d653e68de076,EU8561,3
b49a16e5-2490-4c90-bf12-5626c39fe841,cb9a10e3-4a49-427f-9b97-3af777b28042,Barcelona,2024-06-07,254.14,522c1955-9211-4e06-b691-9e1fa9a1f6e8,bZ0362,2
654629a2-e84b-4b24-bb1a-d55bb7bbf0a6,96ffb929-197b-40b7-9c69-7498d705867a,Tokyo,2024-12-05,741.0,4fa33b2a-7298-4ebf-808e-a7a7adbbd554,BO1798,2
f8b2b2ae-979b-425d-b880-cb1ed8d074f0,967724b3-76e1-4119-a2cf-3719ec9b06cd,Tokyo,2024-06-23,329.84,55f8774c-73e7-4197-a9e9-d1150c8e5751,Tf8588,2
77579e8c-d1da-4cd2-bf41-e55d1afe8cdc,c521d11f-9b55-4eb5-97a8-fa32534f380b,Rome,2024-06-27,686.18,a833d75a-7eeb-4e54-8b6a-e64df660373c,zS3441,3
1983d553-5eaf-43d4-bf3c-f6d0c87bbb01,770ddad7-d8a6-4c0a-8ae1-eb8ca6729bfc,Tokyo,2024-09-27,345.65,c5fdfe44-d89f-448d-936d-9bcedefd7046,Fc0607,2
e774ab45-fd13-4060-a1bc-c7d99431aa94,719f22ca-c945-4268-bdfe-3d1be0f021d0,Paris,2024-10-27,77.02,f78a4746-d2cc-437a-ab9c-7742277c0011,SO4662,4
a5c8c75a-3724-4e23-affc-a6b1922bb53e,39185166-6e46-4232-8869-d681a3ff0608,Paris,2024-07-29,977.81,44497d4a-6bd7-4a63-8458-123c33e25740,uu1218,4
11403f31-b10c-4898-9419-13d1d2f44b2c,c18d8469-73c9-411d-b5f1-a05053e6c23e,Barcelona,2024-07-22,415.97,e491b2ed-5f41-4fb1-a832-e796b2f430a2,tZ9335,1
492c2c94-21c9-4336-ad29-728cb6e6cb16,4694f07f-fad2-4022-8cee-0b2f597705f2,Tokyo,2024-05-17,752.14,3e2f2a0b-98fe-49c6-8b1a-4d1cd758c4b4,lB3488,3
12a4aed9-8b98-4baa-9355-4915edf1ae0b,da622fd5-9713-4924-8e51-26d58c8f03a7,London,2024-10-22,673.81,eb1ecffa-f457-4f72-80c8-2592e79cbcef,HT3497,4
65cd3fbc-adc9-4bf5-b846-8ab26b262168,fdd6b008-b1d6-48a6-9158-79777c433c50,Paris,2024-09-10,450.17,de4e9455-7061-4ab0-962c-43b08a31edae,bI8626,2
b3bc329e-90ef-46dc-a148-3db45504761b,6fa92864-6076-4d3b-88ed-c4369c1264d1,Tokyo,2024-07-08,800.7,00036dfa-2da5-4dd2-842b-0ac40140d0f0,bf4215,1
5c51e05e-5278-402e-8e0e-40d4c0db0431,d0c17ecd-8dd7-4ef7-a765-92eb2d733034,Paris,2025-01-22,690.53,9fff71bc-f117-42f0-b1a3-db1499b01f37,Fy1839,2
79f876e3-a411-424a-8019-4fec444b71b8,0a5ec4d2-32a6-4ac1-b7e5-58d478ebfd53,Rome,2025-04-26,964.38,4786023b-2782-4fd9-a7f2-e7359f9a4de1,Tu5894,1
71dafa9d-09eb-46a4-8537-d88a94af6168,da2cdd3e-c8fd-4bc0-9847-9a62fbb62c7a,Rome,2025-01-20,459.06,ff32efa9-0f73-4883-b4a4-54278e7076ef,Ww9514,2
7300f165-291c-445c-bc47-bbc40355b260,b1670cf5-34fe-4dcc-9da5-ad2beb6a57ed,New York,2025-01-28,330.96,ab68f1da-8379-4366-b9dd-6a83f860512b,Op5943,1
7e5cdd0b-0644-4d89-8208-953a7f459c86,c4727824-cf3c-4101-8fff-35014cc51250,Sydney,2025-01-28,250.28,c70385d1-863f-4758-b7e2-4e705cb32c3a,bH7271,1
0fe4a064-56d0-427f-8ce7-9e5ad72c3a95,0dcd9acc-0e2b-45cb-ae76-1fb88870d653,Sydney,2024-06-28,229.79,7decc79d-cdff-4df0-9eb4-a67559ddcbb1,jg9918,3
83787dc1-9c88-4062-bd13-654884e597c9,570f4d25-475e-4343-8cd6-b6a3758c5799,Barcelona,2024-10-20,402.91,bbc71a21-c17d-4cc6-a422-f3ac13b32c0e,ej9437,4
228fd042-0b44-47ab-9be3-594b9b5aeee3,4c66b615-03a1-4726-8d28-ec44875ff7fb,Paris,2024-09-24,468.3,35ca24b9-1d82-405f-acd3-be7c34500f87,Qp9778,1
d6e25039-f483-40bf-bcc8-c46e1e3c540d,544f17f3-c339-4652-8d01-cce713f8c3e3,New York,2024-06-11,419.5,9804d449-3c78-446b-a022-ae1fbc0626d3,Bj4677,4
7c51e116-ad70-4008-b83a-2935d9a186ae,0d51ca68-e243-4ccb-9ee7-4f3cd845aa00,New York,2024-08-13,752.22,b11607bd-150f-4ced-a83b-75bc3a19db8b,Ci9361,3
4efa6759-e5da-4114-aa8a-ae0dff30048e,e50a30c7-59ec-47a7-a191-5c9ab9020e5e,Rome,2024-10-07,447.77,3a64e429-0663-48e2-b8af-38c3526cbca5,wn1356,1
e4c04845-29a5-47a4-a28d-9469a1031465,07a7e588-b4e9-4e4a-86cd-42161cce54a7,New York,2024-12-08,725.15,5e7f006e-1d6d-47f6-9af9-b3e324c99764,wT0872,1
d89c62fb-66e9-44ba-8d48-5a4d20950866,10d4806d-55ba-45bb-8ceb-a4574cdcb5fe,Barcelona,2025-04-16,227.12,c6c300a4-d2ff-49a3-a366-df227f57b984,pX6148,4
fb1f0439-5d83-4489-bf30-f5df985cb51d,d45e51d3-20dc-4bc5-aa70-13e35e288432,Barcelona,2025-03-06,324.74,257b7c17-9724-4360-a3bd-dc0d8954fcda,ky0202,3
959f6850-9e33-401f-b40d-c11fa84d9a3d,bd4de256-79e5-482d-bf08-fe17ab16f2cf,London,2024-10-16,952.18,7bbd05d0-7a13-4029-82a0-c7ecb2a2c37d,AF2664,1
9983ee40-3ac1-4337-b1c8-70f01b2da57c,d21e7e73-6798-4268-8156-d826bc4a7363,Sydney,2025-03-30,986.76,5f911df1-0352-4b44-9baa-2978c03eda1f,pK0524,2
259074ac-ebad-4d7a-87c0-232b1ae0ef71,6f8462ad-8882-40ac-8a63-d99da66f0d53,Paris,2024-12-19,319.16,1475b62d-adf4-4acb-ab6a-a2f703dbda17,hq4910,1
4b1254ac-f026-49f1-aff9-256accfb8cfc,17bb90d5-75cd-43ea-a689-f7eabccd1495,Rome,2024-10-23,615.85,d3129e67-b1a1-4b59-a30e-bbcd318af886,sU0092,1
26633b24-4383-44d9-8f73-311393dbcd9b,73ea60e3-eaf8-42f2-8689-e94a569db70c,Tokyo,2024-12-07,670.88,5a196298-9345-4da9-958f-6a35dbdf3bbb,ko1422,2
c4c1362c-c93b-4832-8a4d-2b7dba667734,40519d72-f7c1-4156-908a-ff38c4f4342c,Barcelona,2024-06-22,992.21,5c14430c-3d6a-4218-85bd-c693a2d98eff,yk4867,1
b828f681-253b-4184-a5f4-a048a1927c17,b094b3fc-d7de-44fd-9fa9-5e4ba4ea8384,New York,2025-04-15,247.01,f6d01e46-6ed7-4292-84f3-9ca90613c1a2,Yc1250,4
f2a7e83e-95b7-491d-957a-2bd376d13a13,60d98b6f-5e46-4265-b3fe-37c4c3e62fd2,Sydney,2024-09-03,624.51,a0773e58-40bd-4552-98d4-1a2eeb950ba6,OS4143,2
96653fa3-5d91-43a2-a299-21e800870937,cdb4617f-bf28-461d-8c42-d60654a89d3e,New York,2024-05-14,561.31,bfb88192-abf2-4796-99b7-7731741617a3,Kn6890,4
e4012c70-f84f-4314-ac11-dd11711698c0,6b1c73ad-a443-41d9-8562-14aeb517664c,Barcelona,2024-10-30,274.82,780c0c1b-7fa9-4c53-9f4b-9f000660cf39,dv5630,4
cb686908-2a26-451d-9a7f-db9680103157,8fc4bc54-dba1-4bb7-bcdb-9020bff2bd50,London,2024-05-04,710.79,9b4bc54b-0ebb-44ff-acea-efbe5de27845,Of1162,4
b3e775b1-ecfb-4bdd-b215-318ec3dbbda3,83788db9-244e-4457-97da-6f5707ef75c9,London,2024-12-16,237.73,07a1218e-75e6-48ee-83b7-9bd1c70ec67e,Zx5364,1
b066346f-584e-4fac-8ade-52eb5f85ce60,ffdacdbf-95cd-418c-bc3e-5a0f9e0eea1a,Tokyo,2024-06-12,813.39,f86f03c6-d39f-42ed-9509-db4463d4f0f3,vY2694,2
7f890d38-a9e3-41bf-82aa-a88744e835b0,3886701d-86a3-4828-9e03-beba685bda12,Sydney,2025-01-15,925.39,9a7640d9-d8fc-4726-8d9a-ca064e35de3c,Hn2303,4
231289ca-f7a8-41a5-84ff-7c37d083060b,ba6ebe4b-9b8e-4ce9-874e-d0dae0e1d536,Sydney,2024-08-12,480.06,354b8a86-9bd2-493f-b4a3-6404fdbb2a22,Af6302,1
9178a883-18f8-423d-91df-e8159365638b,f571cfb1-06cf-4080-97a0-f80b807e6763,Paris,2024-10-29,781.77,a0a333b9-b9e0-47c3-8caa-a3844dd51441,WS4166,2
41dc0390-b7a0-482b-938e-7c4ce777fa5e,911efc62-6571-4262-9d9c-a2e3ac366bd4,Paris,2024-09-24,75.63,4c0f59ad-95f7-4240-8299-4e3218687812,vU5815,2
fba4ab67-0b19-4db9-a6a9-00af8b5ec6ee,cc6130f2-54e0-4297-afb3-e6e051ce817a,New York,2024-08-01,660.6,60308497-00ef-4973-9cfa-5792281363db,WC1244,3
8710d605-b931-4fb6-b702-d9a54ef99e0a,047e8763-b634-4031-8623-df40e3723130,Barcelona,2025-01-21,73.43,3c3f80b0-e9d1-4ec2-a291-dd3a58f65aae,ei5308,4
9d5ff589-eee7-4e8d-afcb-d6f3eaae9a81,c4263afc-24a5-47d5-b82e-01fd5c5a220a,Rome,2024-05-23,286.65,34657834-d7b4-414a-b402-4ba77086771e,Ta5235,2
ce8a9d58-2943-4b99-b1b7-fa0a04951955,aa751cf8-cc57-4283-bf5d-4628508283d7,London,2024-07-14,641.35,98e1f194-6258-445d-bbed-c4ad68254571,df5902,1
96aace71-fcfe-4163-97ef-b65d5819c691,fec17777-2369-4709-a10d-6059dd42ea29,Barcelona,2025-04-15,269.39,4b84e2ca-982b-4be6-be53-1e2c4ced301f,sB0599,1
832c1e79-4091-4c45-81ad-cbc0956bfc31,66916266-ba9f-419e-9d24-7e60f088eecd,Rome,2024-11-02,429.56,acc60b67-0cde-4d5b-ad10-c89d5fddcb13,vo3254,3
6491fa75-2917-4fff-b679-c4e648fb4c28,13ee4dc7-c2bf-4075-a743-5a75709de613,Tokyo,2024-10-06,491.72,41e573aa-7a9a-4439-8d09-f3c2b816acfa,rX0214,4
e7b24052-c58c-4fc3-a12f-5068e9dd7701,5adbd152-7648-45d9-8fe7-4bca0d0d6506,Sydney,2024-12-19,932.86,0c9e84de-df45-46b2-9bba-5e00035f4d7a,Hd6249,3
ca9f0bbf-4c06-444d-8800-64401a1b6f19,4aca4dfd-baa6-475b-8981-5074950b5f95,London,2024-09-17,212.07,56303aec-6d09-4f04-91c0-56b868ba5432,jJ5920,3
7ec8ffee-2796-4a69-9a66-bb60d8ff161c,a37e25ee-ac16-4716-8fe8-173ad98e7fbb,Rome,2024-09-19,60.91,9d214245-1b26-4491-80e7-6bb690b57cf0,Ix8195,4
9f71b17a-61d6-45f0-beb3-6ed9e583d639,86de17bb-8a8c-4441-91cf-4cf4ed74b571,Rome,2025-01-02,912.9,554de89d-fad0-4bf3-8c34-851cecb658b8,KH7013,4
f5587ad4-72d8-4bed-8657-ef395579b6ce,719b630a-bf43-4152-8836-6570adcbdffd,Sydney,2024-07-10,919.9,40722fb3-12cd-446e-856e-3941f28a3040,Ci1247,3
680440a4-2063-46df-8aa0-58ffa2466f2a,6b02f105-d047-4719-ae1e-a51da710a103,Paris,2024-07-21,794.0,a22dbd2d-46f1-446d-9f29-aadb2ac7f941,zb7557,3
15eea10c-f27c-41c0-8641-8aa37cebb384,01cd5078-ecf4-4cd1-8fa0-42cbdf992078,Barcelona,2024-11-01,88.38,06e67f92-b61c-4603-b994-2e69d4d3aba9,NQ5786,4
f402497b-cbd9-45fc-96e4-caa31fcca35b,c630a4f2-bb4b-4752-9e85-d4c240628d3e,Sydney,2024-05-10,140.38,0c0a1363-6250-42b3-959a-39effb901178,dU3980,3
ea650f1f-2de3-4177-a7fd-e2a92700e392,e6ca58aa-9228-4fb6-9504-ad2e48f0dfdb,Sydney,2025-04-30,428.06,d4332f5b-b496-44b9-b3e6-36413f7e1848,KS5358,3
b2eae7b7-bf71-4cc0-88e3-819a7e1c21f0,78c2589c-3c97-4888-bf04-e4e22e717eff,London,2025-03-04,164.82,488dd3e6-5e7e-449c-b485-41ecea899103,tM4019,2
45a56e68-0792-4ab1-9b2b-20b42f9051c6,32a33e96-2b7a-4881-9e0b-594c585dacae,Tokyo,2025-01-06,372.01,7527994a-3d71-4a6d-b063-678ca1d72060,nw8000,1
542fe29a-d4c3-4a01-ba15-91a026f627af,5edc294d-3354-4839-8d36-90fdce588aa7,Sydney,2024-07-15,643.16,96390eeb-c25f-432d-a28a-73fc9b201b15,aL5204,2
1ace974b-6811-40bd-bfa2-24b869270b1f,6c648ad5-e509-4ec0-8b7c-0fb9bbfa067f,Barcelona,2025-03-21,573.53,7b78bb41-f3fd-43a1-8748-6c0980774a25,aS7410,2
1c005b8a-6058-4b37-9a5e-5a8b04f1946e,d97f469e-4f04-4955-bfab-a6b663ca2b22,Paris,2024-06-03,854.42,01afb496-2659-4960-97b2-edbf6914902d,tL1339,4
fd9d66a1-54db-43da-9425-46365a369d8e,fe58e611-7c66-4e8a-bbd1-7875c2eab1cc,Paris,2024-06-23,685.5,22c3d8f7-2cb4-4208-907f-784cbd5ad880,uL1119,2
4714dc5d-c6d6-4cef-8266-3bfb1d287930,c8e1b1b3-fe89-4804-ae67-d6476efe96c0,London,2024-05-09,526.81,f719b198-ea31-4b64-b1f8-8f8d987b63b4,Ol3358,1
58618b52-5863-456f-8a07-9efa094232c4,c149ed15-f6c3-48f8-8159-b19924fdc134,Sydney,2024-05-22,376.05,ca54c3ac-d72a-4e70-a78a-372bef736406,FF9996,4
23875032-ae6e-4b3c-9611-78f2de2efd96,baa39454-bf1c-4d34-bfdc-a4491db01703,New York,2024-05-27,532.37,c0f7566e-f68e-4b31-9a8b-4205f7790277,hc6614,2
4958fc3e-9d0f-4b67-8a0c-cedff7ea509e,f875e207-5767-4eaf-b502-b4a310646efa,London,2024-10-09,327.76,979afe29-d167-4dfb-9efa-38fdc2016a9f,zU6966,4
95c65118-f519-4c02-9b63-460601a8a287,b9769e38-8e7d-46f6-8235-f04d82318d54,Sydney,2024-05-04,871.88,252d840d-555f-4eae-a068-02e998693881,Vm2380,4
fed1533d-7283-46a8-b628-d9d6c6643b25,508662e3-4051-4bb3-9987-ae8f4567cfae,Sydney,2025-01-11,378.85,3c8a87ea-f82d-43c9-beb1-9c83089df9e0,gZ6925,1
07511e69-518c-44dd-9dcc-399f6c5504ab,9e05bbce-854f-4457-98ce-44e59b8683f1,Sydney,2024-08-16,731.25,41e141d3-1bbe-425f-b8f4-d7141f7f3527,Rx8342,4
5e6b4f9a-78bd-493b-9c28-77f6197412eb,0b39b248-928a-4ce9-8e43-2aeb26979c4a,London,2025-03-19,296.22,86a1bb21-3aff-4510-8b1a-9a1318010372,SG8510,1
1c087364-748c-4f9d-b74b-128430a0db28,86f5b6c7-943a-403c-a7d9-efbc36305166,Barcelona,2024-05-12,557.59,0f53c387-d18e-49a6-8546-55a611e5be38,Si3653,1
8dd944de-852d-4959-9f5b-257133701cf1,d80e57b5-b79a-42c5-a7c2-066272274c65,New York,2024-12-19,430.92,bb916d79-eae4-4d83-9f02-9064ced4d6a7,lb9914,1
b556f64b-776b-4a46-b664-4a485f2cc371,8a5c01c9-7f40-4944-9cca-eb44652be9f9,Tokyo,2024-10-20,571.05,6d83f21e-1747-41f6-b3b7-1d272fa669d0,bW9168,4
3bcf9437-9cb4-497a-b62f-3cf81da81dc1,65958300-be5b-4291-8399-b1c694a33b0b,Tokyo,2024-06-04,727.53,bb342655-98f1-4c13-b19a-b2e735463867,YP9512,1
ef5fa169-9872-42c2-91e3-964f177e2963,b7ebcb3a-a3c6-48e4-a2f9-29eb62c8c4ac,Paris,2024-08-25,561.57,3f681b8d-9df3-48e9-941b-9fc8b5a8ec3a,xE9581,4
ae5baf47-ce1d-4d93-8b81-0e11c3121c5e,394e312b-164a-4212-ae3d-d7679ed823d2,Barcelona,2024-09-16,296.31,42621bd9-82cc-419f-a745-ce5e3aa3374a,Ao4894,4
36255f25-8c1b-43b7-a143-dc3fb1848c60,f12bc51a-2e70-488f-96ad-d07a0a849628,Paris,2024-12-26,216.08,69ba3eb2-7750-4ee6-86f3-96a18855f05b,lX0302,3
08b93fbf-18dc-4d1d-9176-e10c26d7763a,247bc449-8ddb-46e4-9b53-dc0951f8e9dd,Tokyo,2025-03-08,988.17,2e555d5a-fd44-41fc-82f5-84740207adf1,Md6886,2
d75664b7-b447-4cfe-ac25-68c2dedfa3eb,be42730c-d247-42af-8618-67fba2ea7453,Tokyo,2024-11-30,533.75,cbea0800-731a-4036-9a2b-84e8e7ba6cad,WY1894,3
76e61c51-5411-4784-9b93-e4c8db10164c,8394aef3-291d-44f7-b0e8-7db78f37dc46,Barcelona,2024-11-10,214.31,72c0662d-7f7b-426b-8a34-9e89e3819bdc,lj2687,3
c05ec16c-4cee-40da-ae71-21dac5bec0c5,894db1c1-b6e5-4199-bcd2-22e94ac1aae9,Tokyo,2025-02-23,550.33,6b9780df-744d-4169-a06a-2dfd449de06b,kd0612,3
95d9dddf-344e-4da6-9ce6-61dbcecba230,cd24a183-3890-4432-861d-0315e2188daf,Paris,2024-06-03,189.44,2ca8db47-c650-49f1-b0c8-371853c33343,Br0860,2
27e57d4b-615d-4054-b330-173cc8523f22,0ef82e45-e2e2-4dcc-bd29-9bf94b131f60,New York,2024-10-27,595.71,2b8d0b0b-0233-4987-9132-14b5801388f7,Yd5925,3
aa3f0078-7fe5-4684-99cc-3f0f38cfdfc8,f6e00d7f-fafb-4140-87af-8ac4e89f1886,Barcelona,2024-11-09,812.25,7de21de4-a364-4fc7-8dfe-cf02d24356c2,cM0384,1
c1149805-9b4e-4d15-bbbb-3870b8e38cd0,9116d502-6e76-4e37-9fa5-2716921841ec,Sydney,2024-08-21,800.35,f65942ca-b955-40c3-8c2f-63f42492eae5,qA3185,3
0f5f9154-afc4-4598-b933-17f62c4d5768,89a4c8e8-1735-41af-a120-5e390b96da56,Barcelona,2024-05-04,531.99,0c749f30-f2e0-44cc-ad69-ed2c0d42cc6c,jc5577,1
8a3c1fc7-a1bd-458b-ad1d-d6ad28b713bf,9dff79da-d117-493c-8393-c00ff99e86e9,London,2024-07-07,243.46,2f2dd1e2-3413-4c1d-8180-d00cbdf20fa5,db4272,3
82221774-5163-4fed-bc58-50f3680cc902,0b131291-9c4b-4d0d-b242-dd5b317f27bd,Barcelona,2025-01-17,418.66,295d9940-0f51-4589-90df-8772e27dc1f0,Zl2454,4
4512deb5-e677-42d1-8af0-97007962d903,2ad05282-2e52-4f23-ba46-2711a26c9a9d,Tokyo,2024-08-22,952.07,4d17a9f5-8c2b-4acf-969e-41b4cf387d36,cI8343,3
fc0c829a-33b2-46ca-8297-e044a30f0b0a,06aa07b0-70bb-4db1-8322-692be47ad92d,Tokyo,2025-02-04,982.92,c97bfef4-e2e5-4b3c-8a29-415c36bb464d,al0811,1
30167fb1-cf91-4887-bdc2-888e097e7577,74e976ef-c405-467e-a9fc-2c0b1a4bea6d,New York,2024-07-13,512.06,6b7e336f-895c-4c58-a0a8-fb25f595432c,zJ4989,1
cd22c4d5-3c59-414a-ae56-d9a3fc6304e7,de8f483d-f026-4e75-a56d-6979d3064ea4,Sydney,2024-11-24,385.14,1050f84e-6e0a-44ee-9d55-adb21ff670f0,bS4226,2
6dab8546-16fa-447a-89e0-f94dc5a886e0,89e41ec5-b6f1-4b8d-a75b-6221d1e8965e,New York,2025-03-04,823.1,48f534a4-6293-4ab4-a927-801475289759,Uc5251,2
4e42a7a6-c1c6-42e7-9c3c-2a033f41c092,42e40008-4e13-4b9c-96e3-61fadd15dc21,London,2024-05-19,916.46,129be1f0-d069-4334-97ee-817920ee4a35,Kk1131,3
aa77adb4-2a88-495d-8837-98fce5116588,cec76180-017c-4802-94e2-433401774ce1,London,2024-09-23,305.08,538382a6-8fa4-4a85-b34e-a0e0d1821c50,gF0748,2
8a5c058f-1803-44c6-aa64-58278c2512dc,f10b0aac-fe27-4ce3-b418-f5280b24b691,Barcelona,2025-01-17,142.51,82ea45bd-fdfb-4f8f-9649-1adf88ebc70d,si0481,1
4182a4ee-bc25-435c-b7b6-de37eb20914e,0667a8cb-9f81-4571-882a-8520aee0b6f2,Barcelona,2024-08-24,328.64,33e4032d-b11e-4e94-9871-a4abc2fa2d37,qD6305,4
59b04718-f91a-4ac8-a860-f87d4945cc15,5dde36fc-4985-420f-927f-f2592d7d455e,Paris,2024-07-02,798.74,76afc369-9674-420c-a2da-6ede7aa66e3d,pD4772,2
2eda90db-70dc-4ed2-b940-f932a8f9c9a1,e09b596d-9cfe-4e79-bae0-7160bf897ea0,Rome,2024-08-10,740.77,9307fda7-c87b-4b92-bfc6-3b91b017542d,lb4564,1
74cceeae-58ad-4fac-a3a3-04f7ad3f1f95,003d6eb5-df0d-4eb0-96a8-62b5ae1e27ef,Paris,2024-08-20,958.28,46d88cdd-9f9e-4d7a-8464-1a9ffd929af1,XB6628,4
3b3dd5cf-b39c-445b-ba51-bc9a216587ed,dd37b393-4414-4838-9160-edd7e1b18204,New York,2024-07-26,953.29,07b53e7f-89a6-427a-ac22-a137e998ea6e,KV5168,4
098a90b2-0737-45d1-8921-956d9fcf7442,85cf8a86-4e46-451e-acdd-346864200485,Paris,2024-07-28,86.25,6ce369cd-9e5d-4997-a424-a057362d2b07,Hu3798,1
c838f383-a5d0-4403-b0bd-70a11ac82b8a,b5d532cc-3c98-41bd-9107-df57c2e1bbb2,Barcelona,2024-08-09,640.44,f7e8a1d4-cadc-4f99-8e44-1710da5a2c96,bD6385,3
9201234f-e657-49cd-8cd6-f6b2c7f500ea,c5e9c1a2-6244-45d0-acfe-7c27b39830b0,London,2025-04-20,137.32,987634fe-f8ce-4e38-a5d1-54fb3cc9db61,YY8803,3
c832801d-7b45-46d4-a2b2-4cef1e8fcc0e,467a4d67-3a1b-4869-8fca-e8f87d09f015,London,2024-07-26,827.27,f8ad8686-350d-43cd-af37-fa7b122946ee,vQ1325,3
2bcec3ee-f410-447a-af23-222fa1d8893b,7a2ad747-cfa3-4f19-a861-e860dcd19849,New York,2024-10-06,614.53,2f7f70a3-c6e9-454b-9fbf-827a6d35c988,wx8659,3
d3d27f6e-86da-4c8b-a5d8-f5d7711f06a3,08a10d30-c995-479f-85dd-eee71cbb4709,London,2024-11-21,464.27,90f18514-0ef3-40a6-b041-aa072c587fc9,Nw5353,3
f5a67f7f-fd8a-4815-98f7-c714f09356ad,b9d16524-c9e4-4702-9ac9-b9fe47de58de,Paris,2024-07-31,81.39,72753437-faed-4b92-afe9-abc9c026164d,xk7232,1
c320d95f-734a-4790-b6eb-1cd2bda15e20,bf5c7347-ff15-4eac-aded-af7e8242f5af,Barcelona,2024-08-23,164.67,3a1bae1c-6cec-44ef-a981-9516171319b3,HF2530,2
a331349b-a714-40e0-8cd6-3c6748e20d10,94446a4e-dfd5-435a-be34-c2dbb4083707,New York,2024-05-20,908.69,9f8665c7-a9bb-4d4f-bb54-cfd0b14cd036,dr9737,1
a12621bd-9a72-42ab-9fbb-2b0b6a3206a4,e8dcc52a-2e65-4591-954f-09b5486908b8,Barcelona,2024-08-26,574.92,dc2f5f82-bbc2-4760-8d1d-116fc6cbe933,jB5230,3
cb181876-aa97-4ca0-ab5c-e665cfaeb647,6038ac2f-ab25-4acd-b12a-15849d4cf623,London,2024-06-08,311.14,d9340c68-4044-4e68-bff4-8d7b98e30e98,lO8570,2
578bee08-8a0c-4cb9-a002-0b2a090d0131,3b59ff72-883e-4a0b-893c-b1f203c705ea,London,2025-01-20,521.63,71357262-8696-4696-a9d2-917c4e93c1e8,hD6165,3
7d352200-a827-4be0-b46c-86a3d8b7a6a8,f42b339f-8891-49d3-bfe8-da2762c04d91,Rome,2025-02-04,907.32,98353264-fd9a-4554-a7c6-22cc1c6db21d,OG1186,3
5dcab70c-d3f5-4540-954d-4126e85c55ab,8fb341e1-782b-47e6-b738-ccb6e3b97985,New York,2024-12-20,284.53,79ae42dc-364d-498b-a630-fc3d65f5a3d8,rm9014,2
47a6386d-e27f-4ffa-99ce-e7f7d115e082,8b5e6dc9-c6cb-4ccc-9654-d7fcf15c7c00,London,2025-04-04,59.98,fbbfce94-3435-40ce-9845-8b0ca9d4fbe1,ZD8739,4
0e7eff8d-69f9-4ba1-bf53-257421a6c7e5,cfab20f7-049d-4848-8707-312c3d544fe5,London,2025-01-06,950.06,b6dfe4a5-a989-4df3-b320-ec801a5abb51,oO2032,2
0ae99c30-2cc6-4f0a-9408-6954e2e41293,f2431988-e917-45eb-ab38-32cadbbbaa75,Rome,2024-10-15,466.7,32579e86-9e79-4672-8b83-ea748204b1f7,vW8772,3
a97f0587-6a1b-44a9-8901-721d4e7d0c1f,dfd32314-2982-47fe-aed0-db142112ce14,Paris,2024-06-06,736.77,02f894cf-72d8-446e-a43a-cccad06b6436,Ej1032,1
feb51d3b-103b-4503-bdb8-ac411b499efd,eb749955-81f2-484c-835a-e3b805535afa,Barcelona,2025-02-13,105.92,e769ad30-e5e7-40c5-acba-469c7325d5d8,Ht2254,1
31fa1c67-81c0-4636-bf65-aac2c61daa35,59592c28-e18e-4f52-9ddd-07c17ec21d9f,New York,2024-09-09,749.16,1162fdd3-ba8a-423b-9e82-2386b9a8cfa8,kz4254,1
11188650-92b6-447e-8608-e885fe1236b8,008865dd-edd3-4fa3-a097-1c566c00a113,London,2024-07-06,727.9,73425e0a-06a1-462d-9638-4a056000fd1e,fY3008,2
ee90381b-69be-4bb9-9cc9-7f8f16d2613c,7a478b3f-cebb-45dc-b84e-d7fe1f1ef381,Paris,2024-11-14,231.23,de596b7c-61dc-4be5-a351-c269c3f3a4b9,sz8252,2
5da383de-9d2b-4b8c-b612-9066dd2216cf,10bed4c6-fdc6-4b8d-8b29-5fe3e98bf595,Paris,2024-11-20,770.51,e42d234e-2937-4a3c-82ae-5360739d2104,Cy4203,4
b8de5a31-ad23-4bbf-96d4-348198688822,085b34ad-eaeb-41d8-8f14-a4c85672f9a1,Barcelona,2024-11-12,983.2,0e215778-abb1-4bb8-bbbe-5bcd5306fe70,pK4194,1
96f8f30e-1623-4f9e-9bb1-e593b751dfc7,7afed2c7-92c7-4586-b5da-c8e23b3c359e,Sydney,2025-02-21,992.81,c77512a1-5383-4ea3-9da0-694bf2520a41,dU4757,1
d573c13b-95fc-40ab-859b-486128d5ea4e,e7894ba2-6ab0-47f3-9637-b6e6faeff123,Rome,2025-02-10,715.28,d11f3ef9-7ca7-4b14-b1b4-6aa14714e23f,Kh6307,1
af20688f-6e3a-4a3e-959c-1e5ea6b6a30e,5fdb7d18-1895-4ac6-b946-c149d78b6847,Rome,2024-05-12,338.36,3d94a63f-0faa-41b9-ad8d-70eee7f04017,ft3875,1
a25e4b31-0100-4d6d-99a8-695f2b3eb38f,d7e07c55-11c2-40f2-b39d-916202d6bef6,Paris,2025-03-26,413.18,58de2f3c-88a4-420c-8976-fb7c098d20ff,xx9352,2
95986f29-a170-4026-905c-54b6bfa70fe3,baec6275-542f-42ad-94ab-9a17fc4a9af5,Rome,2024-10-09,776.34,e4c99a6a-cd49-4223-a579-5e13043f4490,De5007,2
2b76fed1-d36b-4137-8a94-03a59bb89230,adb09d20-74e2-455a-9c51-5fa1f940e73c,New York,2024-10-09,781.2,6c21981a-829d-4927-beca-eefd4a79cdc3,dO9747,1
747f4c5e-0f36-49bb-8980-a451e6ee9f52,22045f60-afc6-48b5-a9b1-7e3cdc7b1a66,Barcelona,2025-02-17,699.14,a42a25ac-90cf-4ab6-a045-89237dc4cef5,xe3871,4
09055b6b-c80b-4960-a863-394f18f72a5b,f4b63749-6d1f-4f41-8a6f-7bced82d7008,Rome,2024-05-18,891.35,b5a112f0-97b3-476c-b2f6-fb1775065f51,kg1036,4
7c2e9d23-df2e-4937-be49-393623923bcd,2c74a5c7-8aca-46b7-a6bb-0e4cb6e08be1,Barcelona,2024-08-01,999.68,abe7705e-b942-4a78-8bab-daaa297b5c74,pD1253,4
dd59f95e-05da-4811-93a8-4377ad267f4a,5c01a980-db73-46b4-a934-48d4029b8277,London,2024-09-13,50.42,eae2f52d-40ed-468a-bd15-5c656a12a4bf,iE4915,3
6e405516-111a-4648-a0fd-3e75b273ac44,e0a14124-5878-4f4a-9c68-3f01042f1bee,New York,2024-11-27,124.87,5f278c91-bff2-4777-884a-a2ac8fd22ec1,NI9074,4
340fd5e6-6e0c-4548-8898-4ba4c1d7e751,5b3d3c74-e4b0-42ec-a90a-ed69ac5f3f58,London,2024-09-17,434.57,a8b70482-dd23-4ad6-b5a5-8de1da5bffc9,wO1228,3
c6716c04-e28b-44a9-9ee5-aaf9240a80e5,9de84060-3806-4f62-8d9d-ad131254f12f,Sydney,2024-09-24,721.9,5e422f4c-6128-4fc2-a8ec-7ea3cc310d83,vc7917,1
f00a021a-3f08-45c4-b511-e8020f4c6eb2,8f82ef46-56b1-4130-b778-85d62cc31025,Barcelona,2025-02-13,630.03,549298f5-6525-4028-8756-c28ce99423c3,gS5801,1
72a0498f-a430-4af7-b23f-e569f17cfb2a,c956d9ff-96ed-4aad-88ee-1a43ffe8bbe4,Rome,2024-06-16,153.31,0c01a11d-d2a8-4690-bc85-2b523675789a,RD0011,4
4540b5fd-157d-44a8-a374-6f0ed20555d7,b488b87a-2cf2-44a8-8ca6-0589f3dd0492,Sydney,2025-03-08,537.69,00d40007-2618-46db-90f5-11b9930437cc,pd6350,3
75dc4527-9ce7-4c12-a47c-64011d63b04c,cd6f4ffb-aea8-4bda-9c9a-62c69eafc37b,Paris,2024-10-10,567.7,4d59ff61-7bee-45c4-a662-a04b2387ebef,Hr4556,3
ff7951cf-a9b5-4f9c-9ad0-47977d90b814,74a12ba7-026a-43cb-b62d-acdc31843a1c,Rome,2025-04-06,460.43,dd8974ac-125d-4b67-87df-8f92544c3c38,fX8886,3
59c3d7f7-9901-48f2-a52b-7e6b66d27a45,d66257da-c3f6-4189-8537-09730bc19da9,London,2025-02-28,338.98,2986563e-d854-4d4a-8f95-7132d892b788,De1402,1
206fae1c-3850-42e8-859f-77fb4985870d,c6b0e745-1fdb-467d-8148-5c805fd087e2,Rome,2024-09-27,279.49,30791d5c-9505-4e7e-b087-15386b17f569,tw7460,4
7e68f0d6-5b23-46bc-83f3-76d7c3041b9f,d2b389cc-14a2-4ae6-baf9-671e71b11bd7,Paris,2024-09-11,982.22,3e037f3f-0e97-4646-b305-318727444160,HW9911,1
03d0b48e-0b51-45fe-af18-41f7e2dedabd,dff30dbc-7253-44cb-a942-3c1862ad0117,New York,2025-01-21,964.07,af01d3a1-5175-435a-9ec9-cd4917cc02c4,eh8970,3
06d448b8-67b2-4e5b-9ddf-7799ec4fed3e,c0fdb671-9409-46ec-ba44-e1a42102192f,Rome,2025-04-23,89.22,58d88736-3ab9-4e72-8db1-05a551a799ee,Bn6677,4
8e90af25-ab22-44dd-b534-896722831aa0,7ebaf63c-007b-4038-94fd-033e80ec9151,Barcelona,2024-07-19,996.67,ef14573c-0a88-416b-a5b9-1e3770c3c877,BJ5159,1
f3a65415-3b47-46c8-ac16-d031ad47e6cc,4a596239-adf8-4301-88c8-d7ce8a7afdef,London,2025-03-27,184.72,090dfd92-84b1-4fe3-95af-0cf3cdb6b009,Uk8944,2
0d34ba94-dff6-4004-8c97-0d02be20b755,fc001372-7f8e-47d9-a0b9-a2e40c1070bc,London,2024-12-31,494.08,2ba1077a-9b42-41ab-8377-6c5243c428d1,jh4022,3
1714a240-015a-4e9b-8b21-178a804f230a,cf188f2b-2b83-46ad-986d-395a48863893,Paris,2025-01-20,450.73,804746fb-2acb-45f0-8570-4184507f3ecf,jf9771,2
e0e49b2a-8499-478a-ac74-8083e71e9c6a,6a83c7f8-6f08-4465-9700-4423cfb93f49,Barcelona,2024-10-18,682.6,0b1c3925-ae14-44ba-88e5-d3b8259889fa,Mh6485,2
b8b889e3-0b54-4d10-ab9c-959b4e03b1e2,a652f883-1661-40ac-970c-836e98392441,Sydney,2025-02-16,177.52,7980530c-091a-4b0c-a7f7-354d43cbe1d6,po8510,4
33393159-672a-4689-8594-f114d80ef802,451a9dfa-2d46-4ff7-8ae2-f21788e35b9e,Tokyo,2024-11-23,200.91,42be84e0-f1e3-48f2-8675-58d76b1d740a,Ak6329,4
cd4c7bd7-8366-495e-857f-71f634ae3b1d,10a289dd-f7d8-4902-ab89-d2d016dd4015,Paris,2025-01-03,983.84,cbf14a56-be24-4a7c-a0eb-b49887ef4684,bx4238,3
a394dd39-3099-452e-b627-2554c4f5d63e,54c6ad8e-0aea-40f0-8c65-252311ef96c0,Tokyo,2025-04-09,549.5,0400896f-24fe-438a-ac36-aeb711cbaf06,vy1713,1
8424b1f7-4600-4c26-b05f-43e55f73b70c,62e676f5-9cbd-47ed-86be-84c1f214ef68,Barcelona,2024-08-02,167.77,cf979707-1abe-4627-ad78-c1b48525e61c,jP1115,4
3f6943db-f6ac-40bc-b427-6882b7096760,4986dd27-dfaf-4b6e-b90f-1705ef0a41dd,New York,2025-01-18,605.6,8c9a0890-2c5e-438e-9cdd-c6ec947a6e41,zs8313,4
93417419-364a-47dc-9586-d196a4860df4,df5fe83f-3c24-42f4-94e6-30827c718794,London,2024-08-12,640.55,85cad851-dc05-4b15-9c21-814c15a82796,TS8256,1
d98a4fb7-0c57-427a-9280-e2e924541859,d358870f-89d0-4f82-bae3-8642b4c406ca,Barcelona,2024-12-01,885.47,063a7a23-ba1a-484d-902a-bf73c5203c37,Hd6188,4
963785c3-2e4a-4157-8bd2-d5552d5dcc17,62e2ea78-a957-4c8a-9042-78e21b905478,Barcelona,2025-04-03,737.83,37b2e9a7-a7ff-4ecf-856d-9ae183f14d3b,Kh4160,1
583abf91-9f4c-415c-80fe-2dc47c74c0e0,6dfc7ec0-87d4-4bbf-8f3f-ba6cf901e713,Rome,2024-05-09,387.08,d7b276ba-9e0b-4592-baa9-2169423ff7ed,ud5684,4
3a36f715-bd74-476d-8a42-b9f98b7ce5b9,08ec646d-e117-4f18-8e6b-35a2357fe345,Rome,2025-04-27,203.71,ce8ec1b6-237a-4289-a1d8-cff6b482919f,Sv3935,3
1d3e7aa1-c9b5-4f88-b91e-0f49a4563124,e00a1d33-7e9d-4ffb-b52e-3d5a5bbceaa9,Rome,2024-09-21,73.08,35c0a391-0795-4f60-9fde-2fdee4828639,GW3277,3
789f30ef-5464-40a3-823b-466305970b20,6f3283a3-7405-428b-8748-6730b3aa4360,Paris,2025-04-04,448.97,b379f285-2bc9-4b18-91e8-ecb3efc325b0,WR0445,1
939181dc-922a-47fb-93d5-f4fb5f31a4ce,bb09967d-f9ba-4b22-bf03-5d60c9b5194a,Tokyo,2025-03-02,390.4,cc291593-cb86-4a0a-afeb-26bc9d4d0ea4,VJ6186,4
c22afa33-e657-428a-9cbf-b83ed2749bf4,d41c4c5b-d394-4416-b5f7-8bef451d3270,New York,2024-09-23,69.29,5e54f735-e2be-45b3-87eb-393e9e1a07a9,oC3499,3
b4c5f977-b5fb-4d91-b9f5-3a78ba592a0f,66cf6a89-5dd0-4b28-b1ee-4b127bf030e6,New York,2024-06-13,415.11,cb3d1afc-2ce7-441d-adee-afc2956c8a2f,oe3559,4
ee812941-4d09-42d9-ad41-a3b85af983c1,c1726d86-f179-4a9a-98a8-ff2c1bfc7f61,Sydney,2024-10-24,563.5,ff8fd7df-0027-4072-a5bf-273352ec73dc,ym0245,3
e4e567db-fd18-4438-87a2-4f8e4c20f4e9,8c141976-3e69-4877-b5cc-a740294971ab,New York,2024-10-12,788.64,d02f32cb-8326-4f9f-8f31-bb4efdbcfc5d,Zm0192,3
cf01681c-cc66-4f41-a1cb-5168f96414e7,8661946b-5120-41e8-8e7a-c49d6ab5ac16,London,2024-12-04,66.57,990c95cd-729b-4d3b-aa78-f7180538d7f0,oE2054,4
20f58e53-6e9d-4099-bc2b-0ca22b86f9da,013b6d3a-98c5-442f-96ea-88b108325cf0,Barcelona,2024-09-13,306.67,6b6f04d3-86bd-4257-84bb-c099e2e33464,Jq2783,3
6b776a11-327a-4635-95ce-36b021a3fa33,e62acb02-cca8-4467-b405-cfbda7c51c99,New York,2025-04-27,396.29,cec90034-8cdb-4251-964c-844bbc3056c5,RV3368,1
b127623e-5168-4fa8-bae0-8e90f826f699,9cc33a91-d607-4ebf-8ec2-5cb2bfb6e119,Barcelona,2025-04-11,489.51,5203dd84-23d3-41a2-ac73-8304bc974c25,jj0477,2
58e56053-fff8-4b17-91d2-74541a11d2c1,320027b3-b677-4c0d-b49b-33c121dabdf8,Tokyo,2024-07-04,769.09,90201884-9843-4084-9802-4ac8688cf14d,wm2078,1
a40a476d-ea0c-496e-a8b9-5605f90af708,55787156-db9c-4f79-8466-0ebfa024c0ba,Sydney,2024-05-29,734.56,38e7e495-8e44-4d7a-8532-72f3fe66b58c,GN8373,1
efb74ab9-d8ae-41c7-9ed9-9f298c8e745c,c84924fd-8394-467b-a4bc-1d88811f2dec,New York,2025-03-04,644.17,ed90b97b-bc8f-4af7-a53f-4d792b6efc35,YH3168,3
45c4c3dd-994b-4315-b05b-f1b834620140,cd94c52e-4b67-476e-812e-ed2103db610f,Barcelona,2024-07-21,148.86,2c9af0ea-828f-49b6-a7ef-2dd2e8910ff6,RN4692,3
b0a8d51e-020e-4451-91f2-8807677e4d0c,75e8b1e0-ffae-441d-90a2-30c631241ffe,Rome,2025-03-08,55.71,5ac5dc01-1600-4ce1-9eaf-8748b1e9d622,st4102,3
4fb218de-11f4-454c-97f2-6d6645cbea76,6681db92-59ea-475b-a0a4-d0c93c9a46ec,Sydney,2024-10-11,614.58,ef21f69b-1535-4947-9497-f3e4ebdab767,Mk4983,1
0400bc3b-8529-4987-82a1-b55562227f0d,49f529fc-63da-46e4-a251-f112abcbbf75,Paris,2024-09-25,645.4,4de0e7e9-8f34-4b73-af7f-73186cb3ee7e,Sk9691,2
6329f11a-bff6-4c4a-96bb-44a179e9c034,17fb0342-938d-45e4-8540-f174aa5a0cc1,Paris,2025-04-28,547.96,131c9f30-719d-4ce5-b36d-f324c3879a2b,Jg3547,2
782fafd8-53df-4ac1-a9bf-a7d204a2aec8,0c589566-1ea7-418a-87db-85ee9d1f1a48,London,2024-07-17,638.02,5498531c-d500-4a60-b8df-0b3b7562dcd6,rp0158,4
128ef9cf-0e4d-4d20-bd33-1b14b82f42b2,c63dc287-6b09-4da5-831b-108b20c8535a,Sydney,2024-07-28,191.11,c7ba2e32-aa1c-4384-8c1b-8917f6d2701f,Gv4570,2
0533fe16-c78b-4f41-9f72-2c259db8fa45,96fc091b-8ec2-446a-950a-1fe0b0c54c89,London,2024-12-13,343.33,259b6938-241b-487e-b4e9-4a5e760507c8,TU4168,3
f1d259ed-03e7-4744-90ce-630c8e87aa89,dedc3fcd-4942-41d9-93db-24f9c6a9e3a1,London,2024-05-13,918.43,7967757d-667f-4d5a-9430-ce6fd4c261e2,BY8070,3
66ec6630-5ff9-4446-8213-f74952cc2b53,71676e9b-6cc0-404b-8886-40314964cf11,Barcelona,2024-10-15,478.85,41130b72-6656-4d6e-bdbc-46660ba9e976,qr0474,4
fd2cd432-fe28-4205-84be-9a184491dc3a,a35d4746-da13-4307-9885-2a4ceef7e55f,Barcelona,2024-10-07,454.11,b6b0e1db-04cc-4714-bebb-c75e8fdc7d5f,sH0474,4
6495e52e-a60c-4406-84f4-d625e24fa4e9,6070a482-6f72-409f-b2aa-07075c8b0f98,London,2024-10-16,163.25,99e435f5-0a64-4f41-b95e-e8f312704304,UN4525,4
5a4b14be-11f0-4af8-b47c-90caa417199d,cd9e225b-231c-413a-9d4b-aa34b169ccd3,Paris,2024-09-06,388.85,7499a17e-720e-4b4a-bf55-619426928d04,Yv5711,1
5fdb4479-5d63-45c9-b41b-c5f18e375954,e72e868b-f7fe-4bd9-a969-ec58435d9157,New York,2024-11-19,719.83,ee20a840-5227-486f-9f1b-f7c324396863,oi2616,1
dbf8b6c9-0f8c-45b7-88d1-3e29ab2ef3a6,4537dc97-fa81-414a-8209-19909941c0a9,Barcelona,2024-06-09,595.26,4d516ce8-b351-40bf-9738-77b14e3eb74e,Wn8096,3
956c4f44-3513-461a-9f3b-40ec00e13eca,0801b293-7e7b-42d5-b88e-c874eb014911,London,2024-11-19,675.31,f6a9f716-6859-40be-88fe-0d466ed0119d,jR0177,2
2d4c4515-57d7-4415-81e5-1a976b41aeaf,920fdb2d-6bf6-478c-9fea-39c7e628374a,London,2024-05-02,284.47,c4123626-f301-4055-9c3d-882fbfb85a1d,wG5562,4
af73ddf5-d247-42df-8a82-2ad5af1ab7cb,ef35b5d1-c75b-4954-a029-0c2f78d8741d,Paris,2024-10-02,234.62,2609ad8b-376d-4024-b2e7-379cd5a7b272,Dt8297,2
01f9985c-f28e-4379-afed-90e0a9900b0c,3b0af855-3227-41e3-bd3f-65a48223c8c5,Rome,2024-11-16,212.42,b4aac4b6-6447-48be-9766-03f1f40604cc,eB3883,3
72bf1420-eb38-4b53-9070-5501cbb16273,0044099c-aba1-4169-b94f-b65d012c87f1,New York,2024-08-17,139.69,d1009cdd-09b2-4c5f-9b56-ce43aed8e946,TB2160,1
ac57cb35-3e94-4036-9b74-894a47eb0521,8cba5c80-052d-42f8-ae8d-e06b4f806a0c,Sydney,2024-12-13,812.47,45693665-3f38-43a4-99a0-1307e7cba456,Pb0865,3
1fd26d75-242c-446c-adf0-77c00cad8416,348aefb9-a27b-45e7-b15c-b0dbacced460,Barcelona,2025-03-05,319.74,154152d0-388c-4c8a-b3e3-d21ef753b448,eF2690,1
42f6fb90-89df-4db9-aded-cfc2994a8f8a,7fa94d6d-50dc-4192-91a7-b6d3e1943200,London,2024-10-27,958.74,94f93d1f-5d89-4014-baf0-3d7376c98328,nO3231,1
b7563db9-869f-46af-bbc5-ad8c3ea7ae54,7556cc77-b652-418c-adc5-ddb1fd3560a4,Barcelona,2024-07-29,374.14,a9b3b24c-2504-4986-8391-247b5d86ee26,lM2069,2
ccc0a6cc-17c3-4c02-8077-b5f88d14f214,95615c97-e407-4521-a962-613a4fe56a0d,London,2024-06-01,368.38,6dc7f834-19c4-4652-b6cf-715cb74930d5,LT3433,4
5c56ea95-8290-47d8-af9e-b83a78236fbf,ad5b457f-f06f-4660-afc1-d34f6bef02ac,Rome,2024-11-07,727.71,ee925e55-7e3b-482c-bc76-7b31c5222e10,zj2226,2
7b54a233-e99b-40d3-90bb-1dca675d22c2,0a005b18-72de-48ee-9550-3b2d41bfbcb4,London,2024-11-08,302.07,0fec3d81-5cce-442c-aca2-2547b06e0019,ez7744,2
181e7226-50ea-4203-9d46-2a6b36b03032,12c75899-4739-4e4e-a8d9-956cdf9e7545,Paris,2024-12-18,426.28,55bc2a2c-5502-48a5-8acf-d178d5df1ff8,ql4171,1
c23448a4-e459-4eb9-911a-48abedc8b49c,1f7954c9-586b-4dae-88be-aa2e7a7016f7,Tokyo,2025-01-01,640.91,9d6cea8f-0b6b-4b67-b12d-c6dd72ce7fc1,eR5117,2
09a9a720-2f7f-46ce-a6f4-47bf01dcd350,ccec461d-320b-4e41-824e-b46c4c548b68,Tokyo,2025-04-12,905.65,55690149-b4b7-4787-8a05-541f162580d8,dC4913,3
38cb4e49-a3a2-4977-9b5c-7bc29278b21c,bb940a40-b9fa-4358-bcf1-31169a566457,London,2025-03-15,103.03,6bb124b5-2f01-455a-b14d-857177fc7c7e,kc3194,2
3c34eda5-d9a0-4462-8b19-d5813db347c7,1e393a90-7d6f-4396-884b-328327238c00,Sydney,2024-06-07,95.38,d0c99c3d-bb0d-4f0a-9085-9f2a192f8d42,UT9982,2
6320a9f4-babe-421b-8eed-9ab7d9f7127e,c93ba95f-ea85-45b1-803b-bf4ea51d3d34,Tokyo,2025-02-22,102.65,3c1e602f-f520-4158-8131-ec83805a089c,Cw4423,3
3dab148d-9156-4e51-aac0-424fed939c2b,d1dc1d8c-a941-41ea-b696-e28726813aee,New York,2024-11-18,279.41,26ecbbfa-ef7b-4293-88f6-08530a7c11b7,eJ8914,1
b0b5be17-1a38-4502-a476-81a741725c87,cdd39637-a57c-4d8b-8689-fb1e6efce28e,Rome,2025-04-18,102.92,84fe77b0-0c1a-4a93-a9ee-12235cd08efa,zC3523,3
1bfb2833-6fc9-4f85-8ea9-70b62d1392e0,66cd9f1e-b2fd-4ad6-907b-deabf8e677fe,Paris,2024-07-12,481.5,a69530b2-3cb9-4445-b265-f82c1068a659,FB1064,3
02c2bd97-e3fd-4252-a3df-15b802af09df,7fc5e17e-a24d-49de-aed5-f8d1d5176a8e,Paris,2025-03-09,762.48,33ffe324-03ac-4a4f-b52c-e1ecc7ad4af0,aO2294,3
279a1538-43c9-4c67-91d0-21889460eae6,e20172f7-77c5-4525-bc38-a785cd418720,Paris,2024-06-06,488.98,8dc409b1-6ab5-4a49-bcc2-8ec8cbfbc9b4,yi6924,1
e6a07fed-410b-4002-836a-e41f17ab9d4f,f92c592c-c0c1-4049-be67-d120697c5a2b,Tokyo,2024-09-15,157.11,3d434ec4-27f5-4cf1-8e99-18748fbd9785,GT0899,2
919bfbb2-b434-4435-9559-db7a7a8756a4,946a52fd-8cfe-4ae5-8be5-f1f57e3a9aee,Tokyo,2024-11-06,612.72,cf9d1560-aa42-4a2a-aa7b-a3fe3d0954d1,Yk5991,2
73b5fe6b-a98f-49f4-8818-e42c5ab54c55,d7bbe2da-6f79-4814-bae4-2fba5354594d,Sydney,2025-02-04,209.22,38b42355-2322-4a80-829c-52d0751cfc0b,aZ0595,1
55966a0b-1037-40a9-8022-a0df4ab62d59,d5bea7d6-1739-402e-ae62-aa177d780fce,Barcelona,2025-02-22,540.04,008bd28d-bc26-4d96-8262-2c58bebb8606,MR0921,2
d89f16d8-5154-470c-a29e-4ee1fc32e23f,93296093-c576-472c-8b2a-cdd75f9ddfe6,Sydney,2024-07-04,841.99,4036c034-7d78-4373-b849-ba4770f44027,mc0192,1
c9cbbcde-1572-4da8-bd91-73f87d02dfd9,275aa847-a6a1-4b06-802b-3134de6f85a5,Tokyo,2024-10-21,435.06,85c42ecd-9f1a-4a9f-8d7f-355f31aa0936,pp8316,4
954a8bac-c38c-4824-9b44-ad61b4859acb,13890360-dfb5-4167-b1d3-0a8eb1113d50,Sydney,2024-11-06,303.85,3d008827-f627-4a92-bd4b-52b23b62712a,eb3927,4
afc2469a-2bd8-4249-a654-7b936e81ae88,0c4caa71-65a4-4b3a-ae01-27e86fc2c559,New York,2024-08-16,727.45,3d3b54e5-3ce3-4553-90fb-6fde84bc5809,BY9810,3
94b1cfaf-dc9a-488a-88ad-bbaf61b68231,51eae7e9-f1bc-453f-822b-9bbf513d3252,London,2025-01-28,348.4,eb121bdc-0c9a-48ae-88fb-17870ce345cf,Ni0275,2
9ad8b20c-5f66-487c-b8cc-6d96f55909aa,39ee91e6-87fe-4eab-b339-952aa1ae361e,New York,2024-08-15,226.21,6216bafe-5cab-4f71-9f34-29c2d1f8d231,wo1269,4
315bc985-22d2-4661-856a-860a42ddf9a5,69528fb8-263e-4259-8d5c-bcd6ff1e04c9,London,2025-01-26,254.05,e3a8bfa0-bb8c-467d-bff8-ed3169db7535,Nx0321,4
49026ee9-f4af-4465-baec-d105951fe2c2,cf3bebd2-5d84-4231-8a52-28733c23f4e7,London,2024-11-10,805.87,b34f00c0-ae3d-4fc1-bb99-f612a7549176,Xm7964,2
9ec23cd3-a1b9-4298-b41a-9eb5b8e8487d,6f813d2d-6103-4671-b928-c8d16cbcc781,Barcelona,2024-09-12,816.92,e0fd0e3d-9617-49b5-ba8c-70b4b710d5cd,gU6479,1
9094f94e-a372-4b6a-a4bf-358b42e48117,b6b39eb4-faf7-469f-abf6-36969ba20f60,Sydney,2025-04-03,481.43,87ae30b8-a8ad-4b54-a807-04b9e4147362,Vo7928,2
e51913ca-6283-4b58-97a7-a8b55fed033d,7589e3e8-4528-4e6d-b243-0e6934694b44,Rome,2025-04-30,738.29,ea4e4908-e00c-4694-8059-df1ad98d44ad,Oh1729,3
e6376d85-ff93-4986-aba1-9f1770e1a6c3,30b36971-8cda-46a5-892e-70c8660bb649,Paris,2025-02-13,877.42,9aa73170-58c5-40d4-88f8-697ffc73fc5e,PN2481,4
dc4defdf-b414-4188-ae3c-52cd8f6e4cee,fd98e0af-68e8-43b8-9d6f-63973c5080c9,Sydney,2024-09-21,898.37,7064c358-9f06-405e-b8ae-f03b26d9d256,zA7705,1
0a7446c3-365f-4e2f-9ab3-c27528161763,20b34873-d582-40b2-afec-7987ed91051d,Sydney,2024-11-23,968.17,fc6bc14c-39de-49ca-be2c-fcbe89b61306,mU5532,4
31455b40-faf9-488e-a4d0-32b4f0fc603d,55eff873-3c21-4353-81ca-3eb19fd0f396,Rome,2024-10-28,51.51,6a5edbbc-ba39-473e-8fa8-173ca62590a0,Fa6239,1
6cf9d88e-fe8b-4ca0-b166-b14bdb0862ca,e6c279a9-fa36-4efc-a33f-d8001d71587e,Sydney,2024-11-08,600.77,6c316b2f-55d7-49e3-8190-58b8322d831e,wh4873,1
ff981ac3-246d-40b3-bd7b-cceaea14c462,c721cec3-267a-4918-94f3-227f722ca106,Paris,2024-09-27,695.76,d24060d0-e0eb-4d78-a119-596b30292336,dt8860,4
c4f2a272-2bec-43ea-be11-309b01649c99,f3cdb8f2-827f-4a51-823a-04359c4822e4,Tokyo,2024-06-27,866.51,48cc92e2-1df5-49ee-bbaa-0c58d2c8ba01,tJ8289,2
b68cdfbf-b0d2-4938-903e-f40e3711eb5c,e31584c8-3108-4213-9d7f-ad02a4d924e0,Barcelona,2024-08-16,162.67,52c6665e-0bb3-4484-acfa-85c185818148,dK8582,2
c8dbcbb3-402b-4664-b7c7-eb82135b8240,7db52711-f34a-453b-9e08-22a6185d9e1b,Sydney,2024-08-27,639.73,3fc3c07f-0423-417f-855e-b4297ac87cf6,dU1440,2
a0f17d08-eb51-40f0-8da3-9ad17c32cfac,14c820ec-e5e3-45bb-82e5-0d1a93995ed3,New York,2024-12-06,539.94,97ab0b67-f758-4a30-a77a-d8f85ff02f0a,uR5816,3
0c780d7c-a645-4f4e-b801-fed2cfa893ed,e5ce0f51-7e7e-4b1b-b91e-5eef3af1f031,Tokyo,2025-04-03,606.37,21fbcef8-1d6b-457b-8cd8-67166b19aefe,ET6062,2
02556710-4db9-42aa-9ec6-4c875dd25243,7e58901d-91f3-4c36-8dd9-a7db6f67b526,London,2025-03-09,283.27,992931d7-c51e-4744-ab0a-8ee48ceda209,VJ4976,3
9374af5a-519c-4784-baf7-fe19445aa65e,7f3246ab-2caf-4b4f-a2ef-122545c36f42,Sydney,2024-09-15,940.36,ada80794-a095-4b47-b285-bc15845f84fa,NX8039,2
060f802f-5e5c-4a0e-aa00-f8cea0d39a0a,e77d844c-ef6b-441c-b3de-d402b07541c1,Rome,2025-04-08,441.02,c7c7de0d-d3aa-4aaa-93ae-29d7c8960065,pZ1162,3
3eeb9268-f119-46aa-bc5b-67d464d273fa,55fcb6da-092a-43bf-8786-3c60f38c6a7c,London,2024-12-26,589.78,54949789-8e9c-4f02-af1f-b901b3244acb,gp5968,1
92534268-112b-4e96-ba06-c89b49c91de3,27595151-e716-4df9-b6e3-24ae86a33c09,Sydney,2024-06-07,283.86,52272c15-5939-4138-8c3c-cb0c9e649564,fH8216,1
cdbc69c1-7d59-41d7-be48-e070e9df5b65,76c9c8f8-b5ca-437c-9329-8aedff1bc37f,London,2024-06-01,92.03,8e691cd2-3b88-4fe0-a877-97455980b49e,Gd6220,3
87a7bf0e-dc6f-48ae-b8b1-099ab184ebfa,ebcc4833-ed23-44c6-989f-27cc38413b4b,London,2024-07-26,933.43,71de28ad-a289-45a4-9dde-b4b9527c7901,zL0193,2
5dcc8521-fcf2-4b25-800e-2a1d750804b0,75b60e30-bef8-4591-a9da-4aa101ef67d8,London,2024-06-02,697.11,3c817cb1-d1f6-4c98-b142-fb9cc87c09f1,PB0734,2
db698537-3e83-4c29-b156-d8c07641aca2,f5e42965-0ac8-41b3-a4e3-d052f6b96957,Paris,2024-12-27,599.04,14a34930-9dcf-4bb5-8275-69cf3f34d8ef,yu5447,3
6a7a76b2-50ae-4b1e-a52f-76165734d845,31c6333e-5431-4970-bd83-b14b859d26c8,London,2025-01-16,287.55,5ef41edc-c9b4-44e1-9cb4-058278a9bd7e,PV6598,1
5822479f-0e59-4193-9c9b-860eea32008c,b41016ba-ce7e-4133-a961-d76cb439ee0a,Barcelona,2024-06-21,389.85,2d2aef43-1c5a-46c7-a7c4-b2f913bd4373,pH5139,1
8c25c639-5f71-4575-9b7d-29c71cddd97d,8d58b30d-c355-4047-9f8c-e43168fd8a88,Barcelona,2024-09-03,673.38,6dcb0a95-3d6b-47ab-9101-c4414f90a98a,AX3383,2
40be1421-2e1b-4501-832f-23b8c344ceed,a70d5130-3d9d-4d90-9f93-c6950805f75c,New York,2024-08-04,988.29,3b5c93ef-a0a0-42d0-8715-905144cb1e88,fH3112,3
e7362a86-30e0-4bd4-bd1f-b02938072192,7a095f86-818f-4a49-af32-ce2ec265a9b7,Barcelona,2025-02-22,442.23,3df76f22-b8be-4e6e-98d6-830433bdb9af,RB8066,3
34d33835-bcb1-4490-ae8d-8ab1af9d9225,ebb7a969-8764-4fb6-85c0-e3554a7fbf21,Tokyo,2024-07-14,615.62,952a8b5a-539e-4637-9f0f-7b8d09b6f11c,cP0268,2
cba8537e-7ad9-4307-ac6d-86e17a68e603,5269b0d1-2fec-49b5-b679-ce9d187c6018,Sydney,2025-01-11,859.9,8aff3fd3-b51c-4622-b419-b6b2e67635ba,up3172,3
2a1da04c-ea5e-47ca-bb0e-662c70249d83,b0c80b30-c3ff-4241-895a-0eeb62624cd4,Sydney,2025-01-19,262.05,13f13e44-f7c2-450a-8f31-3e8e90014c1c,kP7361,1
a6627ca8-4bbe-4464-ae50-d8ade5ae5ec3,fd61b5f6-7907-4e33-ae35-b31a16db516c,Rome,2025-03-11,923.29,35f4837a-65fd-4f22-8ba4-c1e457f16e8f,ZQ0792,3
26439c03-72f0-426d-8043-2777adf65595,b0afcae7-2c8b-48b5-a66c-a611ca57d585,Sydney,2025-01-22,517.09,ec193f43-728f-4431-a503-2aae1a558e71,qC9718,3
44914ca9-f411-42f6-8fc1-f15ea730fb31,9d3c6dc2-c443-4922-a8c8-d742044ecacb,New York,2024-10-05,134.71,cc3a2c64-4a5a-4843-9efb-bdca2e4dd895,JE0081,4
81433a4f-8661-4f29-b9ff-cf64fedc7fce,3f79fc01-1bad-4658-84b2-739cc2463a4c,Paris,2025-04-05,122.99,c16105c9-6205-4b19-942e-fb6c6cf7131f,Td0993,4
5455d880-b98e-4bf9-82ce-a45ed2cfcf1d,69adec41-a689-4da7-8fbc-23e81831d2e4,Sydney,2025-03-28,361.94,11db106f-61f6-466a-b306-7a34e4ec407c,xR8757,2
f43b3aeb-64cc-4775-846c-be1220f92ad9,ca7ed6ca-14b3-43e2-9d7e-369de8a0718b,London,2024-05-21,575.86,e48bbcee-037f-4a48-973c-144560deef69,Ap1578,3
c618fdac-a4bf-4fd6-90b6-5e0419062371,8350febe-e182-4c8f-807b-80b53551e22e,New York,2025-02-16,837.17,62a23f34-0b28-41f6-bc65-ee2d7e358c11,xW9134,4
893c01b9-d785-4524-b00b-0d9ea01fb327,30f1f17e-fde7-435a-bb68-49b2fc585596,Rome,2025-04-27,69.37,923b83d5-ca7c-4d80-85de-ad3d85d722cb,Cy3657,2
6a78a552-b868-4e91-960d-deced937eed9,0c6d2972-3060-4976-81ab-a1003d845872,Rome,2024-07-16,678.49,e249b1e0-857b-4932-b973-dbb97f543fe3,kb0157,3
51c8eadd-bc66-4db8-8b9e-b5799c7ab840,63680e4c-ac87-469b-9bc6-fb83be8bfe1e,Paris,2024-06-10,737.72,50135889-b970-4e2f-b539-4f05588a57c7,Kb9905,3
94764243-f806-4ab7-8e77-b4b3ba057aaa,69e7a4eb-9bff-4b41-beb8-b20d4e8dc497,Paris,2025-04-14,531.06,4323e741-b6d8-4345-8248-9912806802ed,MZ8950,2
67d9a216-e1b0-413b-8963-dd4ee582e84f,3cf95cc2-23b4-4a20-b55a-de90321da304,Rome,2024-08-22,266.63,dc1f8bd1-49f9-446a-856c-ca019345048c,BR0886,3
0fd8e537-9696-4f81-bf79-2e7632671b9a,9cbdde26-8131-474c-9c60-edfb73920b70,Sydney,2025-03-12,171.39,4f9aa685-c7b1-4886-99a6-94508141b406,jh0878,2
5a676f42-ad85-4f81-8095-e74123bb4689,31f2d326-f97e-4198-99f8-3c8c7b53da87,New York,2024-07-25,575.93,d3fbd541-c740-447a-be87-4737c6314015,vP0792,4
98a7a0de-bef9-469f-b265-7987502c8f93,51b65b68-8b7e-41e7-b1fa-17bb6af154b0,Tokyo,2025-03-16,327.7,5f257c5f-405f-4fd6-8d59-5dce32299ef7,Vf3092,3
20951ae7-eb80-45c1-b7b0-cfae314f162e,26bf76f5-7899-4b67-a2ce-3c8508624a95,London,2024-11-29,319.31,d7ebc61a-4ac5-4b45-973f-e10dfe1ee276,Ik1447,2
6d186c0c-609e-4d5c-90a7-0ad377dbf74b,4dc12886-7f5f-49f2-9ec4-018687112f85,Rome,2025-05-01,853.62,4345fdd8-86f6-4902-8cc2-90c89c5a6f94,yB4004,3
48606240-88fc-4023-9da8-4b6433ce071f,7d850b9a-e57b-4b11-8cd9-a533da76767e,Tokyo,2024-08-10,109.49,0ccc38cf-ed92-47a4-9f42-3bb8330237ed,ZF7190,3
3ee2903d-a821-4037-9302-9eee444d7de0,ff2e9123-84e0-4a4c-8d38-9db9357d2605,Paris,2024-07-29,196.36,ea838379-6a19-44d9-8c5e-6f8f5eff2dd4,TN7983,1
73b276fa-eff1-4483-80f5-ee024c93c957,7ed0de34-73f7-440b-b44b-ba9a6c1838ad,London,2024-09-12,405.98,65bf55f5-598b-4820-9eec-d0f4e9938611,qm3329,1
b9cfeec9-dd86-4d09-abcb-8a7b96dde061,5ddd132b-7b93-42a9-abc6-005d61dc79bc,New York,2024-12-16,226.21,0c4177ca-dda4-4c5c-8224-1900830c7162,eq4377,4
b9d91930-36ce-4d5f-9f58-e8a386e28285,8759b527-7560-4387-9d8b-998c1c18527c,Sydney,2025-03-23,681.86,28124595-14b7-4e2b-a41e-1f076afd6503,av8819,1
719a2af4-de2b-4ce6-92fc-bcb4bec56203,7614958c-9bc2-45fa-a934-2d7009e82559,Paris,2024-12-09,553.09,44f5da56-8e6e-4111-8562-0e969fc00597,ri2429,4
9d103f6c-da4b-482f-8148-e0572e84ea3f,0ee09f2c-47a1-49a9-9176-65aa159a39ce,Tokyo,2024-11-08,984.7,5dda5a40-5172-489d-84cc-6c90d49e1909,fg0378,4
84d252de-b916-488b-a3dc-d6b9f582cc2f,d7015d00-9fbe-4dec-99df-49af84d061e5,Barcelona,2024-11-05,246.35,22b6e386-a298-4def-809f-d21f673f5c3a,al2853,4
a92273b2-053c-44c8-82da-329c2781318f,99632867-9489-4757-94ff-038b23ab9fcf,Barcelona,2024-09-25,907.21,0fee7d9b-5f26-4ba2-a755-74a1bd1a51d9,JT6477,4
4e07e74f-2f06-48f3-bc5a-2aa637604853,1a93462c-1b37-4a8c-841a-e2e30bd8085c,Rome,2024-12-21,658.68,266cc091-9864-429e-bd53-71e6fb6bcfa6,aU0437,2
0fe3dcbd-07b2-43f1-bca6-e73a3daae3a5,7e92dc75-fe00-4d9f-87df-738dbbf84ea0,Tokyo,2025-03-16,206.23,84ad5df8-0287-45b4-9151-ff0bd2fe3441,jf4950,3
64514d66-beac-463a-ba30-2595ee219993,92109f59-2751-47fa-96aa-f9730bdf4451,Paris,2024-11-09,640.4,629d8d7d-d9b2-41f4-b6de-3cd774ff5140,yt1138,2
816efb97-0781-4475-aa47-1fd3440685e1,283044e5-10e5-4dd0-aefb-4bd4f9ecb4ca,Sydney,2024-05-19,173.34,d52765b7-fd30-4b84-acca-f66b9a08ae23,yr7325,3
d2f7a57f-59e7-48e5-a7a8-51bf86fdd710,1fa50195-111a-49e7-b477-fabcf70847b6,New York,2025-03-29,156.22,26e04b1b-1031-499a-96dc-dbbe2b01f1de,KF0093,2
73255583-102c-4535-b4f4-9b1901dbf2ac,003134a7-ce11-46ea-b31a-feed632e8af9,Paris,2025-04-06,904.57,939ff42e-2ec0-4667-84fb-c125c68d455b,iw2429,4
a1a74c49-0a79-4593-9d8c-4d667365db8f,51729cc0-3e0f-4941-aac4-d20fdabf8f57,London,2024-05-12,366.97,66329200-556a-43fd-ba43-91baf6e956c8,Gk7130,2
6cb119b4-df59-4f6a-aa18-008c637562eb,63966d62-bd5e-450b-8334-b7c97f780967,New York,2024-08-19,992.39,50c501a8-9fb1-4447-b00f-5e034b4816f5,pB6570,2
e8dabb57-843f-4d41-a95f-60a3453de23c,e2ccc814-b4dd-4674-9334-e5053944f613,Sydney,2025-04-23,828.39,3a4f977f-760a-473d-895e-a7c7efa162bd,HE5330,3
9a1d32a8-f40c-458d-b175-a6d48b1d7782,9dc75225-caa3-46ff-9497-0c43509f24f6,Rome,2024-08-03,724.19,242095fa-b262-4e51-96d1-b22cf3453a50,uJ1227,2
5e6bcf26-3a1c-4394-b6e2-69c07e46637a,cd5a9784-7703-4708-aece-8c4ad7981683,Rome,2024-11-09,936.11,79525518-f066-4228-a8ba-9dd5d71d1ead,iV1135,1
9db3d11d-27f1-4173-8513-fbf91b19fede,2790806a-6ab2-4e84-bb9c-10f789d9aa95,Tokyo,2025-04-07,656.81,0a5926fc-e037-493b-b9f5-277e5585ba3a,hc1450,2
6f90b2e4-15f9-41ab-8ee6-931acd86657f,ac7ef8c7-dac4-4696-8c48-4ff5f04b1308,Tokyo,2025-02-09,584.11,1bc6f9e2-14d9-4dac-89d9-f7976274a4aa,Nd5137,4
665a826b-0aae-41d9-94e7-c269b4b855e2,9134bdfe-8e35-4cb6-8f45-b4b5fa751788,New York,2025-04-11,578.5,6fd0cce8-c980-4583-9de5-00761966cc96,Ji7476,2
d3847131-3af2-4d1e-8d18-434b4364aa85,a3980e8f-9614-4d14-8f4f-2d8c2ed2993a,London,2025-02-28,995.33,f7953a00-b29a-40cd-b429-49e457be13a4,LV8391,2
2f5fa4b2-8aad-449e-8a57-38ca536549d9,e2c7a28c-2e29-430c-b7e7-bfbd25a6596f,Barcelona,2024-07-22,314.85,8de29ca6-44a5-4c46-a658-701a96e0749a,JO0196,1
af1261b6-5981-4837-b1dc-03e64c7a930f,3fa26f8e-b718-465e-acec-2f7ac3a64529,Paris,2024-12-21,165.68,edd95e8a-6f0a-484c-90f7-28fa71274700,nQ7998,1
512fc7e4-ecef-4738-aba0-359300ddb715,aec6a4dd-b46f-4ebd-86e6-71e6d93ed0f0,London,2024-12-01,507.97,4e373f5c-3fdb-41c2-9a05-fe0c2ce2f2e1,bM9113,3
928cf4e9-8fd3-4e4e-bf86-eb50398c55cc,f9433209-6d8a-4d51-a720-69b3301bc0f3,Rome,2024-09-06,527.05,c7716a3f-459f-44c1-8abd-c6c32f33e1eb,zc8508,4
32e8c768-749f-417e-8b29-6a9dd51a8b43,fe04c08e-9ddb-4bc4-8d22-cce449b7bd86,Paris,2025-03-02,589.75,615812bb-32f9-4d0f-902b-306a586363fe,VY3739,1
a4a35afd-4577-4b64-8d8a-5ad9d50a8868,8b827209-ff3f-46b3-8769-d17cfd0aeaea,Tokyo,2025-02-14,636.65,f95ca561-38b4-49f7-8633-4175f96a3b77,mC7010,1
005a626c-9474-4b4d-b065-90b346e2ac33,80217a66-df40-40d7-8038-cae8379dac0c,Tokyo,2024-07-02,516.53,81b5a1f4-62b3-45fd-af07-6b3814aa0b19,oJ6525,3
995deb29-903b-4fbc-943d-e1ae37d0b9c6,c76bdc73-b1ae-47e1-91be-b9a920bc861f,Barcelona,2024-11-05,866.54,cdd11db3-b88a-4f37-8be3-faa7b06e9bd3,Gu0580,3
74299aed-2f56-4c58-909b-7165c4ba1ca2,3de9fb45-c376-401a-9d6e-8eb6a8710a41,Sydney,2025-01-10,979.98,83206cef-f3f8-4f56-a20e-75366c957abf,xD2476,2
eb18c93b-d07d-4243-9be7-f39a146cb31e,027c9ce6-7709-4100-a2e1-0b5b9f64a0ec,Sydney,2025-01-05,945.56,fbd894a9-1d40-4c84-ab7f-9282678a4799,ol9452,1
acc807fa-c2f6-49c6-9d78-72b147ab770f,9765bd55-2649-484f-8cf9-129907e00f09,Sydney,2024-12-20,263.23,6ab08a04-4613-485f-b6c8-20ed5814831c,EV8922,2
a8c499e2-c6f6-43ad-98f6-76aeb80b809b,941179c6-f379-42d6-85be-c2fe2f203549,New York,2024-06-15,362.33,b322199b-3787-45a8-a035-c201fb7e8c11,Ek8546,3
56873d6f-5e66-48a8-af99-a08a6360172b,4935a67e-93d9-4762-b3f9-691bedb43ca7,Paris,2024-07-17,912.72,88e368ee-6834-4b9a-835a-ceb301eabf82,FJ4652,1
194fe921-5803-4683-bd7c-bb263e2d5506,cfe273ef-64db-4ace-91b2-260bae08f969,Paris,2024-11-16,497.33,3bfd0921-1f07-4cee-b60b-a9cbff596105,jx6430,2
b613fe72-ba69-441d-be5b-33d65eb1327f,9c1fd452-34a0-4957-b76c-70696ec6ad72,Sydney,2025-01-08,145.0,2ed32c54-c79a-4c66-bbd2-0af5707a8eba,dF8026,1
04a7e5c2-7a00-4846-befe-f1265778dc82,33fdf5a7-0ff9-4a5c-ba68-bd20fffa0983,London,2024-09-15,228.0,f7c8c264-f76b-4e93-a7e9-909c281d4b41,IS7739,4
a7e6c424-cb1e-4620-9caa-8d4328c2c88c,a39b9b96-a6bf-4531-9152-94bd20f48335,Barcelona,2024-05-19,975.2,04c674e8-29b4-4a62-a462-7ecaf106d1fe,Ly9652,2
5e9085bc-ea79-444d-946b-68998d5bbea5,3611baf8-222c-411c-b2f0-831124de275f,New York,2025-01-30,613.07,82676501-b2da-47df-9bfd-e13126a961a2,Mz3550,2
e564ac72-bac6-44e6-ae3d-02dcfc48ea17,174d9891-09c3-49cd-bf5b-94c20c9aa257,New York,2024-11-20,349.31,7113ad03-f285-4899-88bc-22474aa898ec,xs5289,3
7667ec36-ab8f-4a99-9e9f-625b2bc74159,64e630a0-a851-45a3-97ca-888789dd6664,Sydney,2024-09-19,882.19,3aedd516-8984-46a1-a702-e34c9d6fc97e,qi4677,4
cf2f5988-f13b-4895-ad72-1f64f573cc4e,54b97e32-90e0-420c-823e-a353fc5ad87e,London,2024-05-31,111.02,69338401-e9d4-4a49-b051-3d680aaf87b8,DW6162,2
aa3efff4-3112-45ed-9152-0fab0484a662,4042cd67-0524-40e4-8f42-f6b1ba772ed3,London,2025-04-13,78.45,004c5572-1b72-458a-8a4e-d79545b5517c,Dh8433,2
84195f45-b40b-4164-a090-7cc9cb71430f,a66ef8d5-3448-4a89-acdc-8eaa1584b365,Rome,2024-08-18,163.63,c3980ec5-816b-49a4-9816-3ce2f090803c,ME1808,4
6cf3cc11-c15f-4660-a658-37595934e64e,bd79ef31-b61d-466e-8962-ae9a0fad7d79,London,2024-12-01,238.76,d168152e-63bf-4783-a8b0-01209f4aa61c,ZK4274,1
41547e77-914d-4629-9952-0e405059e157,d644df9b-2f43-449c-81ab-6440734c6f03,Sydney,2025-03-30,404.52,24d558da-1805-4907-b0fc-559b3f4547b8,mN8897,4
ef3048c9-ea5b-44b7-b671-d7cd7b283c24,a84249ee-3a4a-4636-8133-03a76c93bdd2,Tokyo,2024-08-01,474.95,68c3337b-037a-4618-a726-0c66722c9f56,lc2394,4
6c071283-184b-4592-9589-25275a04eb2d,0ba2f47f-83a8-4bcb-8bd4-21de9208bd80,Sydney,2024-09-11,987.62,d7b2310f-59ba-4392-b17c-be9a2968a28b,Rx0709,3
873045a5-d667-4aa1-8768-d7c2872e39c5,531889ca-1717-4c8a-aca6-f3cabd95ed79,New York,2024-06-05,454.27,d823f6f2-db99-4406-b5b8-8d828afc8ae7,nJ9397,4
4c6ec8c3-486a-4a64-9881-3690dc89dae2,a2419c5d-0663-4d83-bf5c-13a3c7324fe9,London,2024-06-14,208.54,a9e3e339-b690-4dd6-9899-22d811c4a9f6,Wy2613,4
a6ab5d60-4270-42fe-b5dc-120ff4e67e91,9131aada-667f-4e0b-ac21-5ca9424cbb1d,New York,2025-01-03,358.91,683c9b33-d020-4480-a99d-dffb35b0ee92,yh4239,4
e8506391-6c3b-42c5-9e0f-dcc16900e112,c6849d12-ae09-4500-aede-e85679c7d581,Barcelona,2025-03-12,382.9,01007d4d-935c-426d-8171-2573f2dc5976,AC6847,1
b0faf71b-c981-4b56-9beb-784b45451b05,68d6ecb3-6d3a-445c-b9a9-e01e0853f867,Barcelona,2025-03-25,775.3,c71aa829-7cd6-460e-9d3f-f064d35e9ed7,RV9618,1
c702b78b-08d9-4fe1-9dda-b069768cde0f,d0f2189a-5418-4990-b405-bc988df595f8,Sydney,2025-03-24,493.92,9d2812a5-6ef6-4f8d-8278-d5c66b09179c,UZ5912,2
0b6cdd8b-2cea-4304-97d9-1300b8d12e92,aa747a2a-84e4-40d9-bb62-6e223e8e7824,London,2024-12-21,485.59,1727fd31-da31-49d5-848e-bd580c890a74,cJ5192,1
cc442eea-79d9-4f96-b42b-2954413e183f,38f1c9be-f704-4420-9167-bffabfa047b1,London,2025-03-15,195.53,99d0557f-5ab2-4fd9-956e-ef30c9e649df,Ee8396,1
877534ef-3044-4993-bb3f-a0d2d07c2291,98688b7c-a4b8-43f3-92e9-02a0d3cc4789,Barcelona,2025-03-31,932.21,6e97f26b-9a52-4f7e-adb6-13f2ebe6ef5f,kC9780,3
22026224-2892-4873-b70d-73df62d5474c,f5c0429b-2ee6-4649-bbcb-ee4534e5404b,New York,2024-08-19,595.58,fd1a2c4e-ac25-493c-8ca8-aeb004c86e45,Wp9260,2
57b55ede-3b0f-41ec-9c24-cd9c07a32b18,c26f0db5-15c7-416b-9796-ad7c8c8909bc,New York,2024-05-13,722.75,9d9b3bf2-500e-4426-95be-88d0c25f702a,rD2804,4
d674b776-20ef-48d9-8a48-6df88df9024f,f6951827-e925-492e-b2e3-70ed9011975b,Paris,2024-12-31,576.06,d2960829-c57a-4404-8ae6-36a9b8adf17d,TA6414,1
784d0b4d-ac6c-49b1-8810-467ec2854e88,ebbe699d-6535-46f0-9a83-0d76c922e809,Paris,2024-06-23,656.4,42c20132-6f9a-46e4-87b6-2a6ed2717cf7,RI9964,1
0a1b4af1-07c0-4ce5-920a-cf8ad47de226,a35f3502-b5c6-4bb7-9233-26356f175b9e,Paris,2024-08-19,242.32,279cfbb8-faf2-43aa-abdd-021e3f3bf4b0,AN5864,4
23d9da72-25be-4cf9-b18f-306cce26aeb9,3a372634-b6ef-4980-8c17-535a162c26c1,London,2024-11-25,405.73,d6c4b30d-8a2a-413d-aea8-0bdf266cdea4,pB7283,4
1b1ca53d-4d6c-46cd-ab7f-adf7faea05a9,390cd709-e7ff-4818-96f3-c17d140b9d01,Sydney,2025-01-17,241.67,f2e36747-7d06-40eb-91bb-b178748cad02,kX7690,2
88e1e41e-88e3-41a1-90f0-dd63f0cc9d62,33d75a92-e600-40d8-8bb1-3cf6c7eb7389,Paris,2025-01-25,966.39,8df1d440-6398-48ee-85c4-e3d04308bc65,Xc6323,2
2285e7bf-cfa1-4ca4-b410-66eb5ed23a3e,79c7647e-ae0b-47f3-a33a-0bc52cd7d7f6,Tokyo,2025-03-27,748.27,b068d87a-fe47-4b6b-860b-5ea80ece2a4b,pq5557,1
ac63787a-e5fa-4f15-b141-80bb11f7f97a,90da99b9-0549-488e-884b-a4012637246c,Barcelona,2025-04-29,108.61,880be654-9683-4799-8ced-9ecd7dc1433b,cB7764,1
1ba7c5f0-42ab-4e6b-8d9a-6b2071a0b5b4,fb880df3-07f1-4947-9377-fd953274e97d,Barcelona,2024-06-25,250.35,2a1c09fc-c1b4-4e2d-a957-49c6e86dde13,Qa0861,2
fc35998a-6808-4819-b8f5-349dce59f98e,708d0707-990e-4576-86bb-70d329038884,New York,2024-09-30,339.94,90ccc98b-567c-49b1-86a5-80c6dbfc0587,KR1130,4
3737ae86-6fe7-4acb-85c0-80876b5159e2,f3ddf0fd-f004-44ae-8bd8-76f82c3306bd,New York,2024-05-19,913.79,a9b35783-d622-4e51-b007-ac4d96720122,ss9607,1
05889609-785f-46e1-8aa2-88defe2a09fd,aa151d12-58af-43fd-bf81-b1eb32683d7f,Sydney,2024-07-31,518.44,2968d51e-ce80-4524-a9a3-dee7d009b97f,FR8232,2
d20aacb6-92b7-4cc6-8399-d90a43c539ea,b14cec83-d164-4d95-8ebc-be205840bdf3,London,2024-08-24,106.95,c3f64548-aeeb-4045-9cfe-65bd034e9816,bk2038,2
b30cb2fa-5b7b-45b5-8cb8-f1b9485d0a5f,56cd21de-1271-401c-84d4-3b2c405eaf87,Paris,2024-11-23,270.33,7ac75ae6-1d5f-4998-872b-35d26afbeca6,Hg1938,2
e97831d7-34b4-4fae-b0b1-622a37aa93d1,84db2dc4-6bf9-46e5-abb3-5f97b2cbd6cc,Tokyo,2025-01-19,525.46,fac245db-48c6-4b19-a24c-dee070b34b6a,dB0148,2
9105af8c-813b-43bc-9433-c5a9aa6e2fba,32c89380-5697-4f3d-aad3-7ce94d28fea1,Tokyo,2024-09-03,208.06,a7e4249e-f69b-4fd0-87e5-6af65c3a0f7a,iL8564,4
86ca82aa-437d-4f12-b4f8-e8753ce9fd6c,195a1ec5-6bf3-4160-a558-f07440e5a0f8,London,2025-04-17,359.25,a4a7df92-60ce-4d28-b243-10e41b2fe2bd,Pf5978,2
06a04199-5a53-4028-8d97-84f9e05b3007,41184de4-1e98-4c57-8e0a-4f8c95255b69,Sydney,2024-11-16,166.14,56f71ec2-7b1a-4909-806b-1fa5564aeaac,FQ3082,2
61a09ff5-6a94-4aec-8b2d-a81a5fbb637e,daf22ba2-6585-46d3-84dd-ded83b4046ba,New York,2024-05-16,643.86,6a81a287-8036-43dc-bd08-85f48d945f6e,Rf0566,2
0169d09c-04f8-4eff-bb2b-4758fdaf9b5d,6615f6c9-c961-4561-9854-e009c3aad752,Rome,2024-12-13,579.91,bf106d98-98db-4bce-9b38-0f3cf900912f,wB2397,2
32fa0af5-f92d-4094-b208-616a64e92d73,61e46601-b988-449c-aa2d-d147a128ae35,Barcelona,2025-01-29,76.39,1b5bbe10-f2df-48af-ac82-988a65634749,ir5073,2
98950c22-f961-40a4-8514-6517262c839b,128a55b3-2b05-4ac4-b811-6cf8bc36f55d,New York,2025-01-16,358.74,20764d97-e2ba-4549-ad62-cc1f1797b17d,lS2398,2
99a32b47-938c-45b8-b75c-df75f9eba95a,b2ef0172-08f5-490d-bafa-f14b024a6e59,Tokyo,2024-07-05,55.28,c28b5aa1-4f84-4bb7-9d71-1f68b762bb54,lo2843,4
c011b757-64a2-44d0-8953-c51dd46c30e6,da621f04-cb21-4898-b390-84d2f1c18a3c,Tokyo,2025-01-16,805.69,f4a19896-938e-4ee0-94c2-a79c49111dbe,cn5642,1
efecc9f6-f6df-46a0-9dd8-95b283fdbc71,6443f2b1-2bf2-4e14-a3d4-c0e56feb96fa,Rome,2024-11-26,877.67,e16f8730-1fd8-4671-8388-68eafc6ccab9,py2844,2
be06399a-5cf8-48e6-a860-98af81f7772f,b60c183a-f5b5-4b3d-830c-49d5539942cf,Paris,2025-03-23,879.45,8f137edb-5e73-4342-8c2f-92de38f638f4,SF6104,3
d9cc6233-762f-4e57-b1a2-a04fcfe0f34a,2925d42d-7aa9-49ae-b4c3-5246a668d558,Sydney,2024-11-24,713.07,e5e36672-fae0-46e8-a88c-247d0a1c660d,zg1760,4
9b986d56-4876-4e38-b168-60c2c943a61d,51680d22-7bba-4567-b8c1-86c99ee25efc,London,2024-06-27,889.72,56ac1e76-0e18-45cb-8849-91d867cfa65e,GT9692,3
cbac4281-ff4c-4507-8588-cb867dbbcc69,eedb5cc7-2cb3-4e94-9022-3d6763ea6557,New York,2024-11-29,473.95,685d33ec-47c3-45d0-a1a7-5393197f8a07,SB2977,3
5e108255-b7ad-4b2f-9ed6-968dd0bbda97,0393bc96-38e9-4cc2-93d4-63ad64f304c6,Barcelona,2025-02-22,923.06,07e45033-1806-430b-9d42-14f9b153789e,aG5844,1
498361e4-b8c5-41f2-8962-a7a7ade26b6e,7e64b69a-15fa-4d7c-be4e-3555370e6c81,Paris,2025-02-12,294.12,0e47d4a6-0fad-4bae-8211-d54f90c9b9c8,qd4983,1
088ea44e-bf0b-481d-9bcf-8fd075e067c8,ac067793-b848-4cce-a67d-0fa69d30c6fa,Rome,2024-08-17,251.78,0d722371-2c25-4df8-9855-fe29127b3d82,rK0112,1
e03220ad-fdec-4bb2-8cb0-50cc33ea48a3,ca8b19aa-1488-44b7-a493-194cc882b38d,London,2025-01-10,406.3,155cd29a-dd59-4e1a-9062-d095ab900d81,rd0649,3
2ce636ec-7e6d-4884-b476-88b4ec4cb1c9,14dcd94f-eb6f-421b-ba69-09d40c2eb250,New York,2025-02-14,347.31,8e341e7b-735e-4c0b-98de-fdd645a5929a,pV4189,3
1743e154-d046-41ed-883e-511fd23cbba8,9be87522-e81a-4419-9dcb-86a3b10be955,Tokyo,2024-11-01,631.63,e3891968-d74f-4f33-a269-c361c511db8e,ji6022,2
bc6e9a9c-1625-4972-8c32-8f8dc4c63d2e,044ae680-4d21-4e3a-b167-29a4434a0157,New York,2024-06-25,707.76,a835b18e-b6ca-4f76-ad6f-ea67f470ca63,BF9680,1
2ede8adb-9a46-4478-b12c-12afc5e7322c,7c776344-0993-434e-85ef-8beaf6613060,Barcelona,2024-06-14,813.98,737682a1-6704-4215-b617-d396ba7506aa,db0255,2
f4c94992-48ae-4284-93a9-b6b4aaf4e658,f6c29d47-1101-4dff-a26f-aac1fae6c325,Barcelona,2025-02-22,230.55,ce99edc0-07fe-4ebd-9dfa-1d3b183ffb87,KN0578,2
e7b108c8-2d7b-4988-99dd-f08dc187725b,21758f60-b0e1-435f-ac32-9a8522a13fd9,London,2025-01-23,861.16,21a767c8-44df-4bab-bbd1-5ee6fb10112d,BB5351,3
2e128f0d-c396-4907-b4b7-fb79f9d7d7c7,518f7e42-9de9-4378-8cbf-20983bb01c4c,Rome,2025-04-22,815.69,6188428c-3dfc-4153-aea2-1b9c9850c85c,On0594,3
30bbb492-6aba-49e8-a8ed-e744687d0cbf,1e134c84-e933-4a36-a5be-f462ae5e619d,Paris,2025-02-18,561.8,b3e1e7de-3b32-4fa4-a0dc-8e5f34da1fef,PC4611,4
16eb111a-31d2-486b-80ae-97c908dffc76,54ab9410-645c-4ead-9cfb-d465967f42c9,London,2024-09-22,965.14,1ab66968-9ee3-425c-a5c9-6f6e48b3842f,Tx2801,2
c1a7097f-1724-4a83-ac4a-82d3aa79391f,e021d42c-8f25-4a8e-8e2e-a82aa06f25e8,London,2024-07-30,268.93,a7eb6dc4-9ba8-4b38-800f-bbd95bb58405,tI0139,1
ecf256dd-b496-4761-b12d-6c2017e4ec20,09df56ac-8c3b-4cf7-b546-549f8f1a98be,Rome,2024-06-04,787.3,aaa2459b-31e2-4109-ad2b-b006287041f5,se8574,4
62a36b2a-8379-43c6-a10c-a23988dedbd5,11c15567-d003-4403-a528-11bc8809bd7b,Tokyo,2024-10-13,975.9,d01545a3-ead3-4ce5-a620-2da96233f070,Qg0542,1
485f2cae-806c-4f83-bc38-96402930929b,7cb2804f-af96-4dd6-8f52-9dc767fcb47e,Tokyo,2024-08-20,404.29,6beb60ea-8070-4f3a-ade9-548d808425ba,vc1406,1
ad0ef8fa-d393-49ec-bb38-ce8d64abfb1b,6ec4697e-d5fb-4bc5-9d29-63c04845ca69,London,2025-03-10,104.48,621399d4-5181-4fa3-9059-8d8d4c39169d,Mf6200,3
be1a7ffd-116f-4e4b-bc00-b5352c08c5d4,fecf9ed9-b264-4ce9-b456-248fc2a0710d,New York,2024-09-14,662.55,909ab91b-8131-411d-83b8-acbddc674127,oP3402,1
a8e2e2a6-a15e-4afa-8873-2a149556b44f,cb700efc-2ef5-473f-b608-16c61c3267cf,Sydney,2024-07-27,496.7,6245b3d1-d177-413a-a115-9081aeb2a282,cx5114,4
27665b52-c09d-4f60-bfb9-d045b6106125,b739db4f-1eb5-4fa1-b0b8-9d5f5380bfdd,Sydney,2024-08-03,166.62,621d6b02-81ec-4bc3-a4fd-b10dd6556fea,Pu6066,3
89e8a045-5b97-4192-b606-4de843d2bf78,0a4cc42a-1371-41a7-84ed-d55530cba020,Barcelona,2024-09-15,797.27,245858c3-f5a9-4b67-977e-306f616c3f49,Hr5649,4
1ed305cf-c5e1-4ec1-83c0-f6bc689bc8dc,b6bd4315-1905-420e-b6fd-2946d75222c8,Tokyo,2024-11-03,468.68,c7f9bde9-291b-40bd-8052-ce8e381a7798,YL0924,1
183de780-263a-4e4a-893a-d455124dfe2d,de0ce88d-998f-43cc-b34e-ed9d5d578c77,London,2024-06-07,373.73,f25319d7-8fde-4ee0-8022-3f3e537bfa5e,LE3842,3
36ccece2-356c-4d32-b1ef-f0b9b40d0be4,6562ce76-1a7e-4bc7-bfb5-e5b487094943,London,2024-06-09,676.34,447c6467-90f0-4364-abd2-4e885665cd1a,Nr2504,2
979747c4-795e-491e-a110-4f5abfb7063b,51c79c68-94e7-4301-8dc8-b23012f87287,Sydney,2025-03-15,51.36,d8e0d607-22c8-4625-b460-63f00695dfab,Ue3891,2
9f2d4fa8-fac8-4df7-b900-7b82a65e1636,b61d27c6-63d9-4952-8aff-7ccc32cf4a93,Sydney,2024-08-17,201.31,1d502422-3855-4caa-99dc-be8223f0a01d,FC0353,4
78e82366-c41b-4a15-b39b-fc70d489f014,d4ee2158-b250-42f2-8319-546220a473c5,Paris,2024-09-13,597.91,605e5965-81d2-4501-924c-1df9728bffea,fr6158,2
11a5ffba-9078-4005-a49d-e2a8f8607745,1f3139d8-4906-4522-a617-15ed04f25c7f,Rome,2025-02-28,726.64,55daaced-7c8c-4709-8b79-bc292542d2f8,Yg9464,3
054098f3-f1c4-428a-8115-7ee72467b700,1dbc011f-4a69-481b-a3f8-472a852d494b,Rome,2025-02-02,580.66,71dd107e-a5cc-4e69-bf90-038057349c4a,ep8081,3
c09ec8d8-0e7a-45b9-87b9-87942540d104,ddb9bcd0-2ee2-4d25-88a5-f9b5009b7d86,Rome,2024-07-08,967.75,a02c4022-c652-4e26-baf2-343fe96b470e,WJ7265,1
bc49fab6-edaa-4f70-a471-149294e491db,9d3f50d8-c0c9-4e9f-ad32-075722fe6b0d,Tokyo,2024-07-05,141.55,ed54ce37-3d11-4f8b-b37f-a99bbb823cdb,nm3582,3
eb9b6070-38cd-4b3f-9f81-9331a2cfaa47,64fcc4f6-0d22-41ef-8162-0fc6435042db,Tokyo,2024-07-28,445.83,eac356c0-33ef-4d66-950e-26f395b28993,IF3179,4
24f19be6-5f75-4798-84af-07f8efd7b210,f0661473-8d0e-4ae8-b4c9-c92467af641e,Sydney,2024-10-29,878.47,ca1b8e40-91ad-49d5-9ce6-8c4e10b82aff,BK3448,2
90fa0eb8-4d73-418c-a6bf-53802db7eadb,3e7315e9-4053-4106-a9eb-48e230e59d19,Sydney,2025-04-22,734.52,297f1b5f-872e-4b62-996c-029f3eedeb81,iL9368,1
02694c43-7322-4fd1-b77b-df366696c782,fc04654f-1b17-4dfb-95b5-1ca7ea662bcf,London,2024-07-11,491.52,ccf510ec-7c9a-4772-9739-ba9832fd9f70,Wv2245,3
ee3c02fe-e073-454f-af1f-a7fc81439498,727ec360-19b3-4f28-b385-c18635b0353f,Rome,2025-01-01,278.63,958b2d12-5317-40c1-be42-a8fefff393c0,TG4118,3
6a82c185-3e19-4839-a2b7-07d45a54a43f,c1864536-4b4f-4cd1-8f36-ce8d0e582a83,New York,2024-10-23,805.73,b2f9a857-87c3-4095-b3cb-c76e7b92e240,DQ4615,4
4bba8435-5d6e-4668-acc2-fc339fbbe832,b5446a5e-b0ea-4a21-875f-9f1f2fb3e440,Paris,2024-07-10,489.08,43000d79-44e5-40f3-aed4-ae2491aa909c,mH6057,3
1b24fbf9-f4f3-4d1f-b7f7-5512b25fba31,aba26c47-1240-409c-940a-f3477e6e086b,New York,2025-01-14,476.38,f5b53226-aab8-49dc-982f-353e60bdd111,Jv5859,4
5a272dfe-b5a1-4b0e-abd1-2ef78ed35cfb,a063a6c8-d7cf-460e-b6af-05f082cb0ab5,Rome,2024-09-24,785.59,7a10cf37-7171-454b-a515-01c36a43bc57,vX5634,3
0e648e8f-231c-4fc6-a608-f8f82b67ce83,071b8d21-17cf-4879-9702-548920a920ab,Barcelona,2025-02-09,96.92,17e14eec-7582-48b5-84df-dc0ab976c881,fK7189,3
e5046f46-0345-4e6e-9788-4fd3e1b59ad7,093d07c0-7d57-4e44-a181-adcf1141408a,Barcelona,2025-03-28,543.68,03541e71-5a9e-44b5-8315-7e0950f32bdb,im8486,2
85bfd3ff-13c5-4b08-bf0c-fd3dfe5d62be,1497f9c4-2d26-4144-99c6-f2324dcb23fb,Tokyo,2025-03-28,664.41,c6e9c032-945a-4b43-9c49-7c724466d202,PT0218,1
da16aa8c-de1c-489e-95f4-fc943265acb3,2c0ae09a-e781-4d8d-9b80-265e80d8d51e,Sydney,2025-03-12,757.83,16174307-c500-4f08-a166-5d9aeae3e383,pU6531,2
66ffa93b-625c-4516-90db-249d0959da10,7c7f9f44-4cad-411f-b916-f57bac18851f,New York,2024-05-19,385.23,56d59b53-2b9d-4afb-aead-e2a26577e821,Zr2161,1
3f9ee24f-de2e-4c25-844e-a137a57b39f0,c5b04b09-27ce-4f39-b372-c6962e71deaf,New York,2025-01-05,533.7,d672c76b-e19c-4260-aab4-3d94ae702551,Bj3886,1
d812426d-37c7-4150-aed2-e4c6642405dc,f447244a-4c01-4f25-9bd0-1e28bfd095d7,New York,2024-12-27,857.59,d620dd95-2549-4faa-8339-709ee011623e,Gd1244,4
c9c0630a-8edd-4df7-a400-8aa3d9fa6e71,a06716d9-bf74-4a9f-bd9d-04e33ab0c187,Paris,2025-03-17,473.6,38f63756-7c22-4271-a27d-f54986d4ebd5,Xf6303,3
eaa8f130-6278-4840-93db-adbbd3235575,2516abf6-b675-4a47-8592-0488d0548d21,Rome,2025-02-05,860.0,62ef1e7d-e799-40db-9a22-b10425f204d6,KS7953,3
65410b9a-1959-407e-8586-ccd340d00523,ba0d4ed5-fa21-4d47-b599-9a3ebc1feee8,Sydney,2024-10-21,823.5,382d7b8a-915f-4905-9783-639a7b6db2f2,ga4815,3
5f495ecf-5560-4bc3-b4f1-2b16f8b72c9f,32bdbd64-4dd7-4da0-9e00-593408fa8ac2,Tokyo,2025-01-26,769.39,3460af90-168c-4103-a22e-d4556e9349d9,qM5811,2
5b23888f-8fa0-4c20-a8bf-e974e15ae79d,827bbc17-7c46-456b-a3d6-383dbbb49d5e,Rome,2025-03-25,507.32,cc0c6f80-a053-42be-81e2-6467c7a02687,JM4709,4
e2b09146-8d11-4a4a-936b-697bf6e4142d,a7045fca-2a24-4b84-beda-6539a8e6c551,London,2024-12-18,995.83,23e69ae7-3b12-42d8-a6b1-39851da083c2,Lt6220,4
2cd03e81-a822-4aeb-8b31-0afea76049c9,792b1f2f-ac6b-45ec-b35b-c259b3523ec2,Barcelona,2024-11-29,605.97,abee6ebe-88fc-482e-9207-dd45f7dd662d,Vs4904,2
9406908b-e7a3-4542-89d8-08a01b696acc,bd4bdb72-b76b-4f0a-a003-344c71c94f57,Tokyo,2024-12-17,666.78,ef5c656a-f5a7-4109-85f1-f25217e22f27,mf2842,4
a9dba248-f693-4919-9982-5a795943ae72,636e52cf-277a-45c9-bdc6-d1de719fbb75,London,2024-09-28,420.44,979bba58-771e-4c8d-863d-15c1c7f0f88e,rq2791,3
3becc63b-fcae-48c1-803b-9473a8198a33,4f5d4998-e90a-4889-a206-7d700a535ba9,Sydney,2024-10-10,464.67,47067b08-2d6d-40ce-8300-117605274642,It5447,4
368f2c84-4932-4442-949b-66b45a7f190a,d33baffa-1431-4edc-bd1f-2d89ad4b20cb,Sydney,2024-09-12,128.61,b9f0cfc2-7ee3-44be-a672-0527dd2ad146,DX7138,1
2d720870-8066-4726-b6e4-533052573cc5,123af8ff-6a6d-4e71-ab08-0c11faf67b34,Rome,2024-06-29,207.89,998c04a1-8fdd-4fec-b3ab-d33ef6144a79,pl2904,2
8d06ec23-027c-490b-a95a-4879334fce08,02fbb788-687d-4b85-bdbd-30084f8dec09,Tokyo,2024-11-17,611.85,f0141d2d-a15e-44ec-885a-1348866dd7c9,eU3115,2
094ed7af-0aa8-4cb6-876c-5555c4970825,790d92f9-a2d4-4fe5-98c8-ed3a1dbc13e5,London,2025-04-17,144.74,5d06f56b-5989-4372-b1de-cfd3dcef7fe5,OI7498,3
15b6cc3d-6362-4f4f-9375-9d77ac071f1b,82f4ed1b-4e47-4f61-bd21-fdf5df9199d9,Sydney,2024-10-06,208.37,e32c98d5-017b-4542-b700-a9c9f6a0fe5c,yG9565,4
c0b88df4-3b5b-4c4b-914f-14f3d5769bde,67996eb1-9e6a-4803-b5a0-083746f9839d,Rome,2024-10-18,401.24,7ac4bb0f-df86-4a3c-863b-682d220f1cba,Wh0748,4
987d45df-9f97-4d84-936f-23e28e2b06fd,2cb26355-90d8-4c7d-a0b1-5d0c0f01c0a3,Barcelona,2024-09-02,908.49,b7ffc507-2329-4d91-b02e-bd822305ef89,Xe9252,1
46326d72-6d80-4441-b105-0829c03c34ed,6029ab43-0af9-44cd-9d6e-00a090f270f9,Sydney,2024-07-24,399.59,ab0e5cb9-0929-40b0-b9a6-78deac5b5825,Xq6150,1
0eab87da-12cc-4cdc-a739-a42af58a5e09,19434f80-29b4-4f3c-9a11-195fc4e597f6,Paris,2025-04-02,952.11,46345810-07de-4f4a-86c8-08f800816322,rO7121,1
42dec6cb-ab65-4ccc-891e-d7c9bb1e490b,dee3645f-2f53-4ee8-bf73-ea519dc1ef63,Paris,2024-06-11,866.53,87bc37a2-34b5-4958-bf87-e6a12f490d40,vo5959,2
238fff08-5b39-4f36-9eeb-6cecf4911b93,ceb440cd-2a70-4b30-9423-a10083063c03,New York,2025-01-16,382.31,8e5083b1-33bb-48be-b234-f93221650e8d,pp5832,4
fd8dc331-23e5-4c7c-877b-0db2017abfa1,4bec428e-a012-490f-a155-77eb52304d4e,Barcelona,2024-12-09,480.55,90683bd9-5f37-4221-aac3-3413020df66b,MS5997,1
3ea0eae5-e10d-47ba-b28c-c2111b092b7a,91a52b36-4bcf-4578-ab2f-615c0ded322e,Sydney,2024-06-13,273.73,65039a71-8589-4894-b201-3fa4263924b0,Nl6991,3
8413d658-e5e1-452b-bdf5-56e4f6f1dc61,52320c19-efbb-43f0-9869-5824ca365f83,Sydney,2024-12-24,772.91,b354c582-4bd9-4e74-a9dd-5bad019de3c1,qF0800,4
fcdcefb7-418d-487b-b622-6d09d1cede36,8be61d5e-dfa5-46c1-aa68-3c89deaf77fb,London,2025-03-08,653.0,875c4d7b-e7ce-41e0-b317-55c66da7526d,oo0164,4
ebee0514-49e6-45e4-9f67-5b7a3795a466,52d7657e-39e3-4f68-ad30-3196b6202f49,Tokyo,2025-02-17,961.1,7b1a23e8-1eeb-467e-a612-3ebdcaf26f90,rC2315,3
cf7d4033-7bcf-4e34-958b-1b779fbe03bb,febe0750-7a7d-4221-928c-2175905ffe87,Rome,2024-10-26,908.56,f316733f-ed7e-4b91-b285-c80a03a303d5,QT5807,1
6c4c4500-5468-49c6-b160-748a22e2671c,4a20075f-adc2-4cfe-bffb-063ee6b8de65,London,2025-03-26,931.35,0d650b08-78ab-42d8-bb59-aba15aac0224,po7622,4
c245d8de-b831-4a76-b3be-a3c2562feee5,498ac5e3-6bfb-49c6-b723-f398036e753d,Tokyo,2025-04-30,971.71,a360deb3-801c-46cf-b7dc-3794657bff31,cR9860,2
9d1367b4-6d44-4dd0-bac9-da01e4bc9bb3,af999015-1c2c-4510-bf58-4e0c5a8b9ed1,New York,2024-05-20,69.02,6b5a74ed-4aab-4a39-ac74-0383e8141028,Np1809,3
9dbc6a33-e7bd-400d-a6ff-f99a52aa54b8,455eea7d-de01-4d93-b9fe-37acabe48a1e,Paris,2024-07-22,337.98,87bcc3bf-f1d1-40c6-ac4d-7912ba2a7517,Lp6906,2
ccd5d515-1410-4109-8527-99e8613b4c03,d47f3bed-cc08-4dbb-bd4d-30fb376c603d,Rome,2024-11-16,652.51,58b174d6-9b5b-460e-896f-7173a34e3d00,LX6084,1
ac36b096-fa53-4cb2-a89c-9a23bec69c52,d61c91db-be52-46e0-9d77-7ef765d405e5,Barcelona,2024-06-03,59.44,70d353eb-9af6-4785-9e53-bb70029c17b6,Xt5486,3
142659cc-da68-434a-8e37-7dd096b81691,37d0063a-b9b2-4d11-976e-1e99711a597a,Sydney,2024-08-30,188.86,fbbaf552-52ff-46cd-bac6-51b99380c2eb,CR1978,2
8f5fbf00-c410-4ee7-871c-54335696c820,cd512dfa-53f3-45c0-9cf8-af8843e4af2a,Barcelona,2024-10-09,238.8,4b4b7611-b4a1-4a09-b6e4-26a1d81c40c5,dj1463,3
9393c1cd-da9a-45f3-9745-840a39ee3484,324f946b-7ff4-4075-9d66-aff1bf49ac4e,New York,2024-10-14,662.36,21d07e55-8029-4a8b-a93c-182223cdad63,aa0873,2
31ccc15a-759f-4d18-aecc-9ac89a1f31f2,cd4393a5-a04e-4fae-b765-8adcf41fff0f,Sydney,2024-12-07,266.36,d0c8ad9f-44b7-4bd0-8eb1-3851135d863f,vR6963,2
0ce99a61-0cf7-4f5f-a65b-5dd614321f2d,2259f572-e0ab-45ab-99b8-0303c9766f12,London,2025-04-02,196.93,aa65a189-422d-40ea-a45c-488c61a56ac2,xV1800,4
10dd1a7f-3ff9-46d2-be12-126ce1da4e59,ce7e51ef-9e69-4c7a-8b8f-8165846cdbc0,Sydney,2024-06-25,482.09,b860b382-88a9-45af-b18f-7f2bf84d1648,ME5315,1
e2fcd5e3-d674-46b0-a0d1-3b9c208a87fc,d43007f2-5ed2-491a-9023-1aedb2bff08e,Sydney,2024-05-21,817.32,c4387fa0-e562-46ac-bce0-1eee6f932bcb,Jt5180,3
53e189df-4cab-4379-9938-fdc1de6d281f,fe93490b-1f4b-4d7b-8cb2-2112ec0d4dff,Tokyo,2024-06-24,102.92,3f40e4b7-725f-4696-abec-2f8f5239fb9c,je2141,3
ebb1a73e-69f1-40cf-9dbe-7cfeaef89e3a,8e2c0351-b995-4055-952d-8bdfee61e857,Barcelona,2024-09-23,78.29,56692b18-06e5-46de-b5db-11ad71f40a55,Rt7543,1
f23d9928-1f50-4a6f-a13f-a47cf97009a9,12f5e3b0-d66c-43af-98f9-4bc0e0fe38cf,Rome,2025-03-02,155.49,409089fa-ef81-412c-bc49-f258b87870a2,DS1372,2
bb15b7e9-e5b1-41d8-a1bb-85e07d3daf62,61b51e1d-1ef2-4735-a520-f9073b127047,Rome,2024-11-25,779.03,0ab5c8db-d624-4d93-8645-595cef70ea57,lx1909,4
2c182de7-2d88-4dc5-9a4b-f606cc63def3,55a90368-5447-4fcc-a3fd-8f11df16dee0,Rome,2024-09-27,903.13,437759eb-711a-49a5-9d6b-308e7e17f5d9,lW1756,2
1f61a25c-ea95-4550-9c19-8b0690886938,5054640b-2a7e-465c-bd94-7555546013a3,New York,2024-06-06,238.02,2fe4f578-e9fa-462c-9700-3be591c95678,xd0799,4
5a529e29-8211-489c-99ed-ae99f606799b,687c647f-5332-4e33-9571-0727230e5307,Barcelona,2025-01-27,515.79,3cd0073a-979a-41b7-9973-71e441162234,kH5710,4
6bc9e2b7-bdc2-4150-9241-2f9955da5fd7,a9c7e04e-041f-4631-ae9e-d4822e243d10,New York,2025-04-08,863.29,209db879-bb0f-485f-9322-3b1d87c9a07e,Nf2099,2
52e52c1e-42d6-4d9a-bc96-b92309952686,50d72be2-105d-4668-b37a-21605db594c7,Tokyo,2025-01-10,525.68,46a18a1b-22f5-400d-b420-628b6a58ac64,ZR9345,4
df81c71a-85a3-4127-836e-9d493c10656f,1bb0e945-5547-433d-a65f-dd16d1523975,Sydney,2024-05-06,417.63,8c8dcc45-b87c-49ff-893b-069d21a36f09,Oc1518,4
1b12d30d-7d56-4af5-96de-0eb182fcad8c,7b77776c-bee5-4627-aaaa-4acc15924c9d,Rome,2024-08-18,863.36,ccaa4faa-7854-47b0-8f32-739a86c0518c,mL0900,2
0702a0b4-983d-438b-80df-1226acd17958,7acae4da-b9f5-4dde-ac19-1eb90ec85ded,Tokyo,2024-11-02,818.77,0ed9cc07-88e5-47e1-a2dc-a527127517d4,YN3172,3
5d740e65-c69d-4bc8-89e6-2de53d178359,5256fa21-1474-4579-afd3-366c0c7e00c5,Rome,2024-09-29,732.92,c994f9f7-072f-40a8-8568-e74a4129597b,Un7573,1
7648d63a-66cd-4514-9818-363a86ab25bd,f078d2dc-daf2-446d-81e5-aa6ed44d2f64,New York,2024-11-24,978.29,123be69e-2429-48c7-8d6a-c5712edb9558,mX7029,4
f848999c-e50b-4de9-adb9-54552b2d83aa,3ee0952e-b28e-416c-9453-a7d60ee296d4,Barcelona,2025-02-22,166.49,00b66660-1fdc-4e36-b416-90ab6da3e92c,Sx5638,3
b765e287-321b-47ea-9720-4da416da0d01,44a51203-b924-4745-b006-ea9547482988,Sydney,2024-06-21,679.03,39eceed3-1cfe-4bf1-9b08-743583d449ad,Nb7769,3
70aaae72-966b-4aae-ae9a-7b20f0f69a95,4e268860-a435-4501-9d22-a59876aec1b2,New York,2024-12-24,274.92,4d6e9975-df01-414f-b603-09298855ba75,yY0706,3
513c1393-a760-4539-9e61-c483d87b97b2,8309c510-0bda-4e4a-8b00-adba9beec7df,Tokyo,2025-03-18,907.18,b4b027d3-17a2-419a-816c-e3706d902c39,Qo1797,1
80131fb5-a667-4a63-8b56-76e54d30cabd,d65cc7fc-f163-407d-92d6-428ac42d1c9a,Sydney,2025-03-29,985.18,824cf30b-e503-4977-86b6-5bd6f02d09b2,ng1410,4
c0e92c2e-cb31-47be-89b4-285882581495,94fab785-c2f6-47eb-8490-12c5049a3756,Sydney,2024-11-09,286.93,62131c47-02db-42c0-8a5c-6deef73fefea,Gv8704,1
288220f8-17bc-42a3-aaf6-a81d28cb1f67,745a34da-245c-4e7d-ab7b-9b935f353758,Rome,2024-06-13,991.93,01cbb195-47eb-4112-b1c3-bf63f1db995c,Sn8379,2
d5399624-3340-4c72-9c5f-77f65d85b084,9930d56e-78ad-4215-8d07-f19aef02df79,Sydney,2025-01-24,160.53,bd093790-15a3-48fd-8331-e4ebc57f3a70,xc8784,1
fda43824-510d-4702-90a7-ef2265b53926,e1e32109-e384-4c92-b090-08981a95f2a2,Rome,2025-05-01,671.58,d0ebd55c-afb2-4051-81d0-a1ec74dc9209,FB9119,2
350d030e-83cf-44c5-b1cb-21cfc2f832af,d487517f-a93d-4db7-9531-11e6850c82e5,Barcelona,2024-12-25,773.16,96a1175a-bb04-4fb7-8f2e-0b7173c73999,Wu4790,4
2c8d2a01-6155-44d3-a637-207fa4654243,4a8dd533-5ed9-4e47-bf35-488646ab3124,Tokyo,2025-02-11,771.3,c66f49e3-9338-41f7-9d02-ebce7c3944f5,QB4455,1
c5068f7e-23db-4e0a-b89a-66f4833eaa66,d60ab3be-89f9-419f-86dd-f82fe0e29ecc,Tokyo,2024-11-17,331.46,49f93b9d-9819-413e-84e5-52cd49889cba,BM5722,3
150f96ef-82cc-48af-9937-2e3eb15cecd1,75b8328e-dffb-47d7-b655-09cc2188d60b,London,2025-04-19,336.82,003f7597-0db3-4fa2-93d6-42a854c4b1ca,jD1671,3
963b4884-cb09-4868-9d2e-30bdea0a25b3,c475576e-bc68-4c92-a106-f05cdf01368c,Paris,2024-07-17,570.18,9a56b04b-2610-45e9-abf5-24bf2b984258,eF3303,3
a503514a-4189-4a24-b227-953ea0dc26fc,d8570f85-9fc1-43ac-8bec-cded39b55348,Rome,2024-06-27,996.71,2ef02869-0083-4a0a-ab60-bb8f341d4a40,ML1853,1
a80a0b8c-f6ec-41eb-9025-cefb02714627,a1936799-3cd8-4de7-a9fa-7e964be1ddff,Rome,2025-04-21,380.21,1f6977dc-862e-42c7-8d43-af7b6549b3cf,lf5778,2
02b0e325-35e1-4747-bcbd-eb4ea66c7681,c6e01df6-2376-4956-93e9-b697f7ae3b69,London,2025-02-17,223.75,987ba374-f511-49b9-a31c-991001472eb8,XP5900,4
41b17633-6ed3-46ac-80d7-bb17f7b49812,57dfc4fe-b7d5-417f-aa02-ca0215cee992,Tokyo,2024-09-13,446.7,5948665f-be28-4b6a-b94a-45ffb11541c3,CV2149,3
3a256826-43be-44c3-88df-d53ca4a0c9a8,8fbf5da1-e6f1-430a-87ce-6e10c7c8a60e,London,2024-06-14,605.33,d5f812a9-ddca-414a-9385-1a05ee60ba75,Gy3796,4
ca3396b9-b5bc-4115-9aec-f20769c4399a,64aa7584-5d5e-4236-ae3e-d81dad1988cd,Barcelona,2024-08-15,719.97,54bc6f5a-8254-4935-97b9-5eaf90de38fa,Et5298,4
d1c4bc10-9bb5-4607-a948-3f28a2abf6ce,44095d3c-97de-471f-98fc-8cf921bf425b,New York,2024-06-28,455.7,158e35db-e8be-4626-b3ed-be4f2e927cda,By0431,2
505e5375-4f3d-4557-83f9-dca3801e2f77,a3d437b9-9416-49d2-a301-f3956a683bbe,Sydney,2024-08-11,459.83,bb539c57-7bbb-4b8b-a018-31d46c49e994,oM0493,2
3b911ef1-387e-4fc1-9e46-32d9dc1b46e5,c7739583-21c6-4245-8770-bbc21c4a2a57,Tokyo,2024-05-07,974.05,e293f4f5-f44e-48a4-8607-90056715fee0,Zo7582,2
19842c82-1656-4e49-95f5-4df227af5e15,b0b1d4ed-fa15-4e14-8e8e-2fcd963333ef,Rome,2024-10-23,489.76,d4c66220-f770-40cd-97e9-1ac5ec8f3a73,UV8072,4
f0b66bb2-f148-4c5e-a81f-f8001648f2ff,b7cbbf7e-d121-42ac-bf84-be87e0c4cc11,New York,2025-02-25,690.1,42ed2fe5-8eaf-4134-a1e5-72d485caf7b8,rO3996,4
9a3fe31a-3e8d-4d6e-85ea-0441efb199ba,4d2fc9a0-3e9c-47e3-aceb-39c68ada8a8b,Tokyo,2024-11-20,333.57,86813a5b-07ae-41dc-8a97-956e6e0d8461,Pa1409,1
d3a85466-b2e4-422e-8753-41b2365d5c31,85d65d32-ad60-4e27-ae97-95dbee1b2e62,Rome,2024-12-05,594.85,9fd02bb8-0501-409e-bd32-c472c3c1408c,TF4517,3
48f08458-0b69-4c5c-a16b-915bc15e5788,7e6584c2-2a45-4cff-ba39-f71c1f5bf107,London,2024-06-14,444.89,36345d28-4c75-45d5-b2f3-fdf360f90ed4,bG5721,1
b6559720-0b9c-4a00-bc68-af06647be0f6,9e66718e-7a85-4dac-802c-5c4ad633bc79,Paris,2024-08-04,419.74,aed5b6c5-bf7c-45c8-b280-5b2854eb14b7,QY0358,4
19d71fa6-d9bd-4843-a10d-82e7d52ae626,fc64eed0-c54a-4da3-b397-a8b427880939,Barcelona,2025-01-23,182.15,f1e23e2d-9124-47c3-8e31-5df48a55478f,XR6799,2
6634b3c8-0b89-4a63-9aca-f6132ca16c40,5636ef3a-d4f3-49b6-b7ed-acc6e2bce47d,Paris,2024-07-02,351.08,c213fa6e-319c-400b-9817-89064c481f66,Qt1813,4
98846688-aaed-4408-bf02-ab682b83c82e,4a4a7e37-33f7-475c-a3b4-a75c4710c6f9,Rome,2025-04-28,413.26,a8db5402-ae6b-4e8e-8a76-9c71147f011c,lw4388,4
4bd16502-2b11-4c53-abda-6565966c04ca,ac2f6b03-08ed-4af7-b721-408cc8e941a4,New York,2024-07-13,112.62,828f82b0-401e-46d3-9103-cd8e19c4eca6,yM6723,2
1ddac6e5-7134-4ccc-b457-1be04f3c3c03,7c3aa0d3-f17a-453c-98ac-f95315ce67d7,Rome,2025-02-27,301.7,b4e1516f-26d3-4bc3-b366-6fc58de339ce,mX7797,2
a4713799-dfa8-4222-a464-912bdeb93d53,98c3811e-b2ed-4ab9-8c0e-a2ecd8dd315b,Tokyo,2025-01-10,523.77,ae9de4b5-5416-4560-9684-4e6a82f12304,vD4515,2
f322c9cd-ac57-4245-bf44-83cc659d5c19,a83cd0c2-2923-4d78-a5e1-8a809356c2b8,Tokyo,2024-06-21,851.64,0a2b5fc4-5f98-4e10-870e-47c716737259,mK2247,1
f350c4d0-9126-4c82-ba45-d83ce1325406,5f48e711-4a3e-40e8-a23a-4f890b439d5c,Sydney,2025-01-22,881.38,47214ce3-4497-46fc-bc7c-e83104e3eb36,sh7849,1
508aa092-b8fb-4c70-957b-0630ae5d761e,e86da894-a9de-47fb-8138-18fc2c541b5e,Sydney,2024-08-10,397.9,94b39b2c-f4a8-48df-ab2f-5eee9d095910,qo3084,4
7c49055c-1293-4d62-b807-38652414bd90,92de53dd-8bf3-412a-89c6-dd0039986ffb,Rome,2024-11-12,142.87,a976d6f0-b98c-405d-a297-aaf809bc637c,Xz7584,1
736c4652-6a3d-4d0a-bb14-2cb3d05918a6,a771b7f5-0a73-4320-b9df-cf13e77c53ec,Paris,2025-04-16,199.22,a60a1bb5-8b35-48c4-a21f-71acbaf4d312,yc2137,1
92bf24ec-b0a3-4533-afe0-071e92f158c1,e9622f48-b785-4773-8edd-2e92e87f2b08,London,2025-02-17,857.49,ab6b92f4-f6c7-46a4-9d8f-b2466ecf5809,Vt2319,2
7742c0b3-b079-44d1-9615-6dac1caf440e,c1dd25c0-4270-4e68-9014-95e19867f040,London,2025-01-22,944.44,c8f68af0-1451-4705-a0bf-0ec2d02493dc,TH3386,3
9b34345b-3903-4b9f-b54c-25229efbeca7,8ba744a0-7928-4e07-865b-9215bdcf59ab,Paris,2024-11-01,316.8,7c20d419-bb97-4175-81b2-221ba0caa2cc,ta3389,1
c9e119fb-3846-4f2c-8dfd-8855b642c9fa,e13c2e72-5d5d-4df0-a0b1-e645991bdcbb,Barcelona,2024-07-18,357.42,f46f48f4-01ef-4049-9df0-2a79592bede2,PO2462,3
e7783257-85b0-4665-8b44-58eccb445d96,20539c6b-4925-4876-b89a-294c449f6457,New York,2025-04-11,807.43,854c3dc2-648a-403c-b80a-3f9fec57a619,gl1008,4
46b2d6c3-4fd3-4582-800b-7ce5c7c0a31c,ef26fc87-b914-4b86-9ca4-581d1304b051,Tokyo,2025-03-01,819.6,2fa3550c-451b-4ba8-8a0f-8f0fbd158df5,AC2543,4
ce43765f-34d4-432a-8b95-19aeae0fa6f5,121fceac-8438-4d36-b331-f38a391dd274,Barcelona,2024-06-03,637.42,f5d9d602-616c-4a00-88a5-0b776374707c,Wo4703,1
b69d6d3c-45ae-499a-8b84-b191961b5564,aa4abeb4-0af0-4756-8df4-4f8a426e311e,Rome,2025-01-31,184.52,4fe0f2d4-62f0-4c19-b7b2-cdce82ae819e,tz2481,3
e999fe21-f053-47c5-a0af-69f1d03451ab,d27a86b8-d066-4073-9267-986997a878a6,Tokyo,2024-06-06,287.67,10a2df59-1560-43e9-b2d5-ffd07a17c080,dE7543,4
37324d7d-4d48-41e2-aa2f-083dac582080,5c53c706-6c63-4173-b1b4-24710986e814,London,2025-01-16,894.64,7f1abfd8-3a56-4a04-b708-f6c604c4b35a,ND7753,1
dbadf07e-785c-4f68-88f8-3bdd71a9d31d,36a54565-1c37-4acf-b18e-4fa53427d611,London,2024-12-15,473.5,bb7a6ee1-90e6-4f85-ad56-b807b27f4d11,uA8411,4
4c3bfe4e-8c08-4aca-a422-1e67d6fce1ab,1a757d1f-d318-4cfe-8d20-f6cea46b8881,London,2024-09-16,122.96,ca8fbb64-cf16-4d7e-b5a0-f31db31346d6,Iu6520,1
a33b72d5-f715-4949-beeb-6626eb6a6955,9a3ba17e-2567-4091-9c05-118d9d9789fc,Barcelona,2024-06-07,583.69,655569a3-757f-490f-9c17-24ecadb4d15a,kd5264,1
b1d11558-f5f7-448d-8f29-4c163ef320df,524d0f24-b558-4507-b8fe-69ef79e94c87,New York,2024-06-27,800.09,c1afe9fa-60a2-440d-8156-735f182149ef,bk1117,1
8ae6ab3b-8ca0-4fcc-8557-e390bf697194,8397c3f0-068d-420f-a55d-d9e9f933c87f,Tokyo,2025-04-04,343.58,4ddd1e21-3f18-4113-a02c-094137425c50,wK6817,1
16f32ebc-5afe-4d01-ba08-dc404c2622c9,d5572f60-bb88-4980-a38a-ef8bbb6fe19e,New York,2024-09-01,523.16,391ef949-496f-4b4e-8438-0a9d9f602c9f,Az1482,2
45192d50-8626-49f4-b120-85133f7f6ccc,dbc71ee7-6802-4a14-810e-15d40ce16f1c,Paris,2024-11-08,872.85,22cfc206-c07a-4b97-b3e3-ce00a576dbbd,dU0057,2
6d4a40aa-16ef-4c41-8843-04bc1d8a57d3,e0b63a31-5ecd-4efe-88f6-bf662742bcff,New York,2024-08-12,425.29,fca10d3b-6c0c-463d-bbe6-b0cb83a70a38,Pd1334,2
b53e3ba6-ce7b-405d-891b-0662581b16e6,ac094acc-f20e-47e3-a0b5-93f56cff9349,Paris,2024-12-31,56.13,d29e6b7b-6bef-47b5-bf95-011b351e35df,SF0283,4
9823de2c-f658-4ffb-953c-820de02fd430,f943298c-1d97-47f3-b9c0-4058f428900f,Barcelona,2025-02-15,940.16,375422e7-51b6-4132-b684-05823ac423bb,nB2025,1
b1600136-718b-4cca-9637-069830c9836a,bb374d9c-c70c-491a-b2f4-4032c80874a4,New York,2024-11-24,636.42,704ec074-a02e-4d46-8488-80a61b90c632,Pf0713,2
613fb79a-70df-4489-b032-038afa8feaff,822d8ab9-6cfc-4c27-a677-f98ba8041650,Barcelona,2024-11-07,485.33,c464ada8-6ee3-4175-be03-5ea5fc1c9429,bC1435,1
41b075c5-64a9-4726-a89c-15bb812b445e,c1c78e3a-e9db-4ed2-b56a-a3353d563303,London,2024-06-24,622.21,0fbb254b-738a-47ef-a83a-df2edcf046cb,Au1627,4
42497c73-77bb-4b66-ba60-aab786bc7402,7c89e13c-47c6-489f-af25-3cbba055d3bd,New York,2024-08-31,340.57,b84fe767-008a-407a-a09f-7b0758205582,kS9575,3
f85875cd-e988-46f4-a4bc-67d5528410f2,6adc10fd-9ceb-4cb2-9d34-d7a75eb4418a,New York,2025-03-22,610.39,530440a8-3852-4f94-a914-0d58bf4ddf42,LH4870,2
a46104fe-aa8d-453f-8294-81c2fe33ce6a,24989ef3-c548-4deb-a85d-6ee56bdf2ece,Paris,2024-09-29,618.33,dcfa4c9c-deb7-4036-b751-b9c100c43e4b,Ym0874,3
3267e0fe-8df2-47d7-b788-28323a2c3c78,06414db9-0de1-4624-b61a-5953b16876f6,Sydney,2025-04-17,416.57,893968c5-0a64-4f61-861a-9252f60b2ede,En2148,4
e538324f-7b33-44ac-85b4-75e8f4be32c7,9fd37be2-adf8-4716-9361-f73dcf238308,New York,2024-05-16,318.43,870935b9-c4fb-4287-8264-1861f25a9cda,QU5409,4
6b84be98-9fa2-47df-9c09-9aeef1ce44e4,71fa1ad4-3f82-473f-9e6e-07846b87739b,Tokyo,2025-04-11,448.49,cb30f6a0-df54-40d7-9033-0c6fff22a7ab,Rv4000,4
81ffb707-4984-4929-a403-4c48ce921713,fed269bf-7994-4629-b694-bec4e614b7ea,Barcelona,2025-01-31,507.27,72a76c20-61a1-46bb-91ba-e0bc68d4bd50,aV1533,2
2722a7ed-1d7f-4f71-8cf3-1c3fff39a395,b7614f78-e6d7-4137-8f34-ac9ab996afbf,New York,2024-09-08,80.92,951eaa76-928c-4aab-993c-6663a37f924b,sX3392,4
c5760566-7e45-4bf0-864c-9bbcf7aba131,3d9f2e0c-56d9-448f-a7cc-2978db3932c5,Barcelona,2024-08-27,551.4,8a66fa76-ccd2-463d-96a6-d4b750429489,vb8760,1
25dde9b5-59cc-4867-aadb-41ff0dfd0a8d,51601a90-cd03-49dd-aa1b-b3037b7cc0a6,London,2024-09-25,679.02,93e77247-85a2-463c-998a-0983f47ca153,OG5945,3
c1d26a0d-1eb0-4635-8250-31551d002a95,a5a01949-a25e-4cbe-b653-1eca8b95b9bd,Paris,2025-02-06,548.03,7eba6445-a6e6-4ea9-ba3e-731f245944a3,hh0889,1
2733c2b6-83ed-4790-8bff-e5700ddfa439,018482ba-f128-43b3-b4b0-7863dfe9e7f0,Barcelona,2024-07-07,65.47,da2b68b8-d6cd-4b79-b64a-5d013780a626,Va7890,3
f6b65972-20b9-4c4b-b1c8-365060600ac5,404a94f4-088b-4174-ac98-8daa9eb72836,Sydney,2025-04-04,418.69,fcdec2b9-786d-46da-b2b8-d63d67f7e426,XY2855,2
19419f9e-a15f-4773-ba4d-49fbd017ae46,4480cec2-688a-455d-bcd4-d9331ee59775,New York,2025-01-08,972.52,b41ce872-53d6-4db3-bc84-c433cabee0f2,Ff1745,3
bf71bf9d-00fd-4ec0-a5aa-3cd1084dc400,ee9c5f78-b215-4631-94f3-600c18467f25,Paris,2025-02-25,127.77,df872175-25c5-4c09-851d-9898301c7888,ap7897,4
f7090ce7-114a-41ae-a438-63c4aed260fe,b748737a-53fc-4415-a0a4-ba29602072f8,Sydney,2024-11-18,481.14,aa7aedd8-6b5f-48cd-958e-574c2d39cd0e,kt7026,4
9ad48226-fead-41da-9273-31382276a83f,e3e6b467-814e-4ca6-985b-ed307f9965ed,Sydney,2025-04-02,261.54,8e981f54-0324-413d-8546-549e21637040,ss9988,2
abacaad6-a9e5-4c61-922b-e1da13ea88ac,003acca5-a06b-4e23-b300-38f41fafc0d2,Rome,2024-11-03,410.04,2d3c7a3d-d7cf-43c4-8715-00bccd298d86,JA1590,2
e188262d-dad9-49a8-af9a-ac0cf264c27e,05686ede-74e3-4f76-881a-efca79710296,Barcelona,2025-02-26,725.18,840d31a9-d8f7-467f-b489-56f8136fb44f,Er5224,1
f63c512e-2605-4748-802f-a47b82bb0d45,b0f83928-19d8-431a-9b88-0e282a81835a,Paris,2024-10-17,981.14,323512ef-666b-4080-9f96-b46cdd12ec1c,vM1104,3
3b9e6126-4cbb-4f2d-9e41-3d0c3fe43845,e615bcd8-fd27-4c82-b231-6555e91ee623,Barcelona,2025-01-18,270.18,8facbca9-9408-410e-9f52-5c4acb6ce800,AJ3107,2
3f2c7d05-6073-46ee-9a94-8c40613e484c,2d6d6da1-f555-408c-8a24-a262dba36e2e,New York,2024-06-07,788.16,9e99e443-0bb9-4488-ad88-040c7b9ff4ea,Xj1955,2
d29a36d4-4ec2-473d-89bf-5af7130a830c,6d938574-5db7-491d-b487-0541869c593a,Rome,2024-06-26,67.3,e40f2cc2-dce5-4e5b-aefe-3d952fa3fc14,NX8401,1
86498b8b-a6c7-47e6-b51d-06daa553b128,a12306d2-17ab-4aac-895b-325203163ee9,Barcelona,2024-10-26,812.35,267d5623-9b2a-4818-9728-ab27744f8395,dv6272,1
628b4c51-90d4-4e52-81f3-f62d6fb4be9c,0d6f8cca-df53-4c7b-bc2b-6c240f444f29,Tokyo,2025-04-16,916.48,54e7ef2e-d6fb-4675-9c78-969ceaa5d1a3,XI9848,1
7d05928f-805a-427d-95d0-b1cc06e7ce83,418263de-dd59-4fab-8040-1f3bb4bafe93,Tokyo,2024-08-24,293.53,8e9d3d67-03cc-411a-89c0-4817b3ed76d5,Zf2615,1
c2d8abc0-805b-489e-80af-8580b9989084,aa019ee5-c618-4647-b229-e83175a9b83c,Tokyo,2024-11-27,388.96,cebcde3e-78ef-4c9a-9b8d-15a71d114002,be2490,3
8488fbe0-3d44-4bba-9a30-74759170d334,787a0918-2f45-4123-9fde-d492896c479e,New York,2025-02-27,567.54,75364df8-85ba-4384-bf81-f31a5399b894,qk2824,2
1c3f9c02-1bf8-47ea-8f6f-34458603166d,5667b044-80dc-44d2-8a2a-e1fd26446c24,Rome,2024-05-29,643.93,f81d81a7-8629-4b83-a742-3130507376f6,nW4967,3
fe3ef98f-a5f1-419d-bf25-b33bb47448a8,b7261e8d-317f-4e72-86e1-574d4bed78c5,Paris,2025-02-14,995.23,7f8db528-c434-4d78-8913-7c66949ec912,gH1335,1
072c767a-b71b-48f2-bffe-ef384b570171,c350f4a0-ba77-4763-8a65-91cf3cef7b0a,Sydney,2024-06-15,743.76,fffd2e80-3a02-44af-ba07-e456be1eb463,Ne7624,1
658dcf37-66f6-43d4-b3c0-2a5a6d03a39b,35e9c64e-8318-4121-b75f-444400397006,Barcelona,2024-06-17,706.77,dd9f67a0-6a80-4f93-bbbf-16040978c1c8,VF0010,2
8e09c141-9514-4296-9246-42b4d9dccbd3,32dabb67-0722-49b8-bbcd-45ae3fd96b39,New York,2024-07-11,440.94,7dcb8a5c-9953-4ecc-b919-aadf078d5ce4,aB2379,3
2bb5dde5-c0d4-400d-8222-273e8ee6c609,cd273c9d-fcc3-4c27-ad47-c670461577ce,New York,2024-05-14,283.9,0e704813-1a04-430b-b742-96092e947057,Me5077,3
460180d7-6304-4ad2-8dda-be5d2afe389d,1a93b652-3a50-4f69-b4ca-27a06e44234b,Sydney,2024-05-15,734.2,874b8025-768b-433e-b7a0-bde6dc6c2eb9,TR4438,2
a603bfe1-0273-44d4-a6e8-af116dd39538,52d113e4-24b5-483e-9e85-264389676a1c,Sydney,2024-10-29,406.77,de11a4d6-625e-4efa-ac7b-85200792f5cf,Pg8645,2
e1e81db1-8816-46ce-947a-1cc1cc2720da,b33ed5dc-2a03-4b9c-9c76-4a2d7748b5f0,London,2025-02-21,329.1,1cc96e46-92b4-4c1b-8bb7-dde394a69240,nQ4362,2
c50352c9-821d-4c4f-b636-13ad6e5b3144,e02c77b4-666d-4b7b-b33f-b4a69e344f6b,New York,2024-05-13,980.12,a66d1dae-e214-4983-bf77-cd9065b0660f,oB0627,4
c4c5e45f-8182-449f-bf2f-73479d06737b,f7ba830f-a934-47b0-806a-33471742177d,Barcelona,2025-02-22,565.21,85a16d0b-6e99-4fc5-8840-df15edaacd8e,qz1684,4
830fddf8-c16a-4504-82b4-25122560d18b,ce3ee18c-b57d-4330-8ac6-613c9a3f80f1,Barcelona,2024-08-06,799.85,46860ebe-f91c-4109-9b3f-43df17235894,gw1296,3
c8b654a7-42e2-4212-a9b3-e47dac459ddd,3fdee685-3660-431b-8b21-29224062f82a,Sydney,2024-11-22,517.41,6d76d0f9-b4dd-4360-91f9-cc2b6bffef4b,sa0232,4
c8e65286-060c-4283-b213-f3896bebe6af,2213a637-341a-4794-aa98-7b9319429666,London,2024-11-09,783.1,abb9667e-3e60-4e33-81a6-88092a784ea8,UX0883,4
8ef1f15d-35ea-401b-8af8-803fd66e8d59,5cdb4bbc-6d30-4e3d-9feb-203caea7e65b,Sydney,2024-10-15,112.1,b643a901-80d0-4370-9a3d-e8edeeaf312b,yq8732,3
84c0f3bb-781b-49bd-9d66-da5f7a3359d2,9bc31889-126f-496f-b74b-91cfb6f11b63,London,2024-07-05,463.48,fbaa0212-52c2-4cad-a9b4-24f3469f12e2,BR4294,4
462c3b63-4559-439a-97e5-20ad3610820c,3b266101-79ce-4357-a139-bcc1c7d73491,Sydney,2025-04-05,59.13,5d2f9f0c-2575-4855-9fe0-cb55d5c7fa31,Jj7308,2
17361687-1315-4e58-9521-be67dc82a63e,401e197c-7f44-47e2-bd2b-fde7cec35bb1,New York,2024-05-05,241.76,9c04b5d2-65cd-4be9-ace7-90ae5ceafebc,yQ1969,4
1f551cad-c16e-4473-bd8f-06986ba77b76,ef760832-e378-4330-8699-d3749e191bc2,London,2025-01-30,430.97,275af25f-2c51-4146-8521-010c9fcd24d8,sZ0158,4
e22ea072-c3a6-4b0d-b823-ed267b40dc02,ac737654-83e2-4e12-ac5c-d2836eb9e4bf,Rome,2024-10-27,652.29,aa1c50e1-82b6-4677-8889-515ab2f9d68e,CK5034,2
2a0658de-6152-47b4-bc4a-16a1bab6c511,24c596e2-48e7-41b1-9713-b2661d17d82f,Sydney,2024-11-04,921.32,06a9cd56-b485-4fab-ac6e-6d4262c9c443,US8404,1
05f898d4-152f-40b3-8875-033ab4aa173c,c3e68c4c-1386-4ba9-84aa-1f19641f2d0e,Sydney,2025-03-30,924.44,bf0e5ddb-08d3-4ba4-801c-d4a0ae162b54,DB3111,2
5989cc27-5a3b-4f1d-a0f4-c5fab1d05e5e,837e152b-4abf-47ec-87fc-4a0872cd9c91,London,2025-03-23,711.77,d6aab18c-74c6-487c-80af-ed118c1f6bc0,VP2451,4
7278d819-6184-47f9-9298-10881501d4a6,709ad8d8-6977-4c38-bc64-6f02e3ea5496,London,2024-12-16,963.04,da5c48d6-5033-4f51-b9b1-983fdc8d8083,OH4643,2
df608d12-890b-42b3-aad2-f50a8b89fc4c,8b66ac28-b221-46ed-8a9d-79f1410cd03c,Barcelona,2024-08-19,326.92,5314024c-f1da-498a-bd32-3286a9e761c9,hV4850,3
c50e6902-516f-41b6-b002-07ea1f2d0097,215f41d7-a8ad-4dcb-98bf-491d78d3c712,New York,2024-08-25,587.75,a4891c29-49a1-4366-a184-356a90657e4f,XK1120,2
36e4b11a-c02d-4d5c-9c8f-546b4336e3c8,7715e119-9878-4851-a834-0511c7dff667,Rome,2024-09-24,590.12,7342788d-10c5-4e57-9ed6-ce6e7ed6a277,Gu5598,1
0c96d9fe-a08e-4b24-8cf2-0b25181db636,057aa61f-fd86-4718-a36b-51015136eb33,Tokyo,2025-03-11,882.81,fb6dd484-47db-4f1c-9a27-3c5a7d791c9f,Pu4780,4
fa57ee8c-bd5c-4f19-8a90-d30fae459613,4b9c8ae7-b75c-40e8-ad8e-dc98b9a5a528,London,2024-09-16,647.73,5c1b707a-3d7c-438c-b8a6-a20bbb4deb58,mg4955,1
fc773dec-1bee-43c8-b926-56f25e9a4432,2123c983-d868-4629-a9c5-e3fcd0aa3e3f,Sydney,2024-06-17,585.33,1223b1b5-a2c1-41ec-8f72-ee6ead690313,yY3295,4
23666275-892d-4514-ba58-9cd6f883d5b8,53b44286-3930-4a89-8b9b-4cd6064ca318,Barcelona,2024-05-10,896.46,71341796-b1e9-459a-abab-fcd60fc743db,uT2776,3
5f8d5d55-8a76-4757-b0b0-0ac72b299fe9,e91702d8-8e93-471e-a82a-7a19c32cb5c1,London,2024-07-16,664.58,e7102919-d44e-4de9-ab2a-feb5d8880136,MT7664,3
23978e2e-74f3-478b-8fc9-5c50b77cbb59,8300c7bc-f5fb-4a86-9a32-2f5f75d71bb1,Rome,2024-08-25,673.76,2c377b7a-bf7e-4c88-80d3-7fefbe35624f,mN4717,4
cfe6cfa8-ca96-4d5a-a9a1-ecb1e8b60c39,2039892e-7f9e-447b-8355-d3c6f62f8db4,Paris,2024-11-22,924.07,56a8db76-6213-4873-bb2b-6fe99ba8886b,Uo3812,2
c4eb9e0a-87a5-42bc-95cb-5493ce64899a,8fcade11-4ce4-4cea-b532-617ded172103,Tokyo,2025-03-17,486.38,23a32bc8-6e64-4945-934c-e14dcc60aebd,YQ9402,1
ecc64bb1-cc00-41d8-ae10-249dcd318248,16ecbb98-e5c7-4ee0-94d9-e0782d98f65b,Sydney,2024-09-21,147.77,8fb218f7-d848-400c-97dd-32a99810bd13,yX8482,1
8fb142be-fed5-4b62-8af2-7131e6f9d817,972712b4-ab7b-494f-8132-aadb799646d2,Paris,2025-01-28,234.67,5b6ac351-6f73-4fbe-8ae6-013c94b8b82f,uT2528,3
5279b523-92ac-4ca4-9b1a-35337a03aaa7,204f1d95-d87a-4736-8eaa-1ccc1da7a2e2,London,2024-12-08,127.25,56849b81-abff-446f-8f48-c5b4336f5f90,sX9603,3
e09c092b-ac05-44ae-b809-01866fbf996c,46256006-02e0-4f4c-8f59-23cda3edd981,Rome,2024-05-25,630.73,8faa278e-605b-4f46-ac57-491d74ea4e28,pb0089,1
19712566-64f0-4f92-a94b-7711671a1a4b,a91589df-2ed9-44b6-815f-0f6ca194d723,New York,2024-05-22,728.15,4fb26364-2c38-441b-8c0b-364ea0eeda19,tX8396,4
426cae3e-f3ae-4e9c-bc7b-8b13c80779db,cef7e054-e701-4647-94bf-da5d51834652,London,2025-03-11,520.55,8622339a-cff1-4650-8182-aa093161a0f8,TW0927,2
3d060db2-a239-464f-aa60-d14ddaa8b876,35a41357-5ab7-4e35-b976-2a0702039415,Sydney,2024-10-25,303.74,3fb3b63f-ae44-4046-8625-7aa165b23a60,mZ5900,4
ce42af2d-d994-4405-bc68-a35013128ce9,98cc1c2d-4255-478b-9ec6-9fff709d040f,London,2024-12-19,114.71,3c3b8456-f6b2-448f-962e-aa8358aa26e2,GO7694,1
10b64b77-2355-4142-8915-ca63a2d79445,dbd0de76-4710-4d34-81d0-1c3db73ec67f,New York,2024-12-20,73.77,e90b6942-4b05-41f7-a7b0-b75067206ceb,mZ0640,3
96137f7a-c6ac-497b-b3fe-86e122a7a29b,80ae6f0f-fb22-4baf-81ce-a52ab47e753a,New York,2025-03-02,219.58,ac720bd1-41c7-405e-b340-b439b32c428f,nn4463,2
5c2b9e91-3ed5-46a3-8442-d93e38c5b4ec,f1ff28cd-67b1-40b7-b5b9-c60b67cf389a,Paris,2025-03-26,249.89,9873b6ad-7743-4c1a-8420-6dee65a908b4,ta4220,2
f0b38f76-e6f7-426f-8121-d8e456cdd35a,e9ff0546-6826-47a9-831f-d98bd06f0069,New York,2025-04-13,345.04,f786beba-37a4-4cd6-a962-9baeae55c934,VI7065,3
6f3a909a-30d9-47a9-a3ec-5b6a0ad4b941,3b150849-6d3d-4ad7-819e-f5ab1cf73275,Paris,2024-08-06,363.75,0eba6bc3-fc36-4ee3-9cdc-0e17e82f3e5e,os9656,2
7d5241ae-91f7-498e-92c8-2796089041b2,19a0db9a-b327-47be-ac87-c6ab78b56bcd,Paris,2025-01-03,80.98,20526ee1-4613-491d-98f7-99d73764e4e7,IZ2706,2
c817c95d-2124-4550-971a-695990f43807,1f4046d9-006e-4cef-8afd-5803e244b7a4,Paris,2024-07-12,608.89,d1932dce-821d-4f3e-b8dd-1a471771315c,Cb5022,2
cf550efb-4dc3-4a96-80cd-615632fbd881,d7cc88bb-6b6f-442f-86c6-927016afc0d6,London,2024-08-14,610.94,71e4cd19-ed0b-44d9-9b50-ad737d8a60a3,UA6341,1
